-- MariaDB dump 10.17  Distrib 10.4.11-MariaDB, for Win64 (AMD64)
--
-- Host: 127.0.0.1    Database: mybookstore
-- ------------------------------------------------------
-- Server version	10.4.14-MariaDB

/*!40101 SET @OLD_CHARACTER_SET_CLIENT=@@CHARACTER_SET_CLIENT */;
/*!40101 SET @OLD_CHARACTER_SET_RESULTS=@@CHARACTER_SET_RESULTS */;
/*!40101 SET @OLD_COLLATION_CONNECTION=@@COLLATION_CONNECTION */;
/*!40101 SET NAMES utf8 */;
/*!40103 SET @OLD_TIME_ZONE=@@TIME_ZONE */;
/*!40103 SET TIME_ZONE='+00:00' */;
/*!40014 SET @OLD_UNIQUE_CHECKS=@@UNIQUE_CHECKS, UNIQUE_CHECKS=0 */;
/*!40014 SET @OLD_FOREIGN_KEY_CHECKS=@@FOREIGN_KEY_CHECKS, FOREIGN_KEY_CHECKS=0 */;
/*!40101 SET @OLD_SQL_MODE=@@SQL_MODE, SQL_MODE='NO_AUTO_VALUE_ON_ZERO' */;
/*!40111 SET @OLD_SQL_NOTES=@@SQL_NOTES, SQL_NOTES=0 */;

--
-- Table structure for table `accounts`
--

DROP TABLE IF EXISTS `accounts`;
/*!40101 SET @saved_cs_client     = @@character_set_client */;
/*!40101 SET character_set_client = utf8 */;
CREATE TABLE `accounts` (
  `AccountID` varchar(45) NOT NULL,
  `Password` longtext DEFAULT NULL,
  `Role` varchar(45) DEFAULT NULL,
  PRIMARY KEY (`AccountID`)
) ENGINE=InnoDB DEFAULT CHARSET=utf8mb4;
/*!40101 SET character_set_client = @saved_cs_client */;

--
-- Dumping data for table `accounts`
--

LOCK TABLES `accounts` WRITE;
/*!40000 ALTER TABLE `accounts` DISABLE KEYS */;
INSERT INTO `accounts` VALUES ('admin2','e83ff84b34cab4d3dc9660af05f1934ef85d0c0c','admin'),('aiduong','ec040805599f5753801f9f87abb351a182a83623','customer'),('bongnham','ec040805599f5753801f9f87abb351a182a83623','customer'),('daicu','ec040805599f5753801f9f87abb351a182a83623','customer'),('dangtrieu','ec040805599f5753801f9f87abb351a182a83623','customer'),('fffff','ec040805599f5753801f9f87abb351a182a83623','customer'),('hoagiao','ec040805599f5753801f9f87abb351a182a83623','customer'),('huuaabcdefgh','ec040805599f5753801f9f87abb351a182a83623','customer'),('huutinhluubbb','ec040805599f5753801f9f87abb351a182a83623','customer'),('huutinnnnn','ec040805599f5753801f9f87abb351a182a83623','customer'),('khoattra','ec040805599f5753801f9f87abb351a182a83623','customer'),('linhvien','ec040805599f5753801f9f87abb351a182a83623','customer'),('nguyenvana201','ec040805599f5753801f9f87abb351a182a83623','customer'),('nguyenvi','ec040805599f5753801f9f87abb351a182a83623','customer'),('quynhgiao','ec040805599f5753801f9f87abb351a182a83623','customer'),('tendangnhap02','ec040805599f5753801f9f87abb351a182a83623','customer'),('test442cvb','6ca5afcfae917be054307bd8c67b9bee5cbe1d13','customer'),('testn','6ca5afcfae917be054307bd8c67b9bee5cbe1d13','customer'),('thotrinh','ec040805599f5753801f9f87abb351a182a83623','customer'),('tienngo','ec040805599f5753801f9f87abb351a182a83623','customer'),('toantoan','ec040805599f5753801f9f87abb351a182a83623','customer'),('tranvana','ec040805599f5753801f9f87abb351a182a83623','customer'),('tranvana02','ec040805599f5753801f9f87abb351a182a83623','customer'),('vuha','ec040805599f5753801f9f87abb351a182a83623','customer'),('vxvcb','ec040805599f5753801f9f87abb351a182a83623','customer'),('vxvcbbxb','ec040805599f5753801f9f87abb351a182a83623','customer'),('xcvxcvnnnn','6ca5afcfae917be054307bd8c67b9bee5cbe1d13','customer'),('xcvxcvnnnnsav','6ca5afcfae917be054307bd8c67b9bee5cbe1d13','customer');
/*!40000 ALTER TABLE `accounts` ENABLE KEYS */;
UNLOCK TABLES;

--
-- Table structure for table `categories`
--

DROP TABLE IF EXISTS `categories`;
/*!40101 SET @saved_cs_client     = @@character_set_client */;
/*!40101 SET character_set_client = utf8 */;
CREATE TABLE `categories` (
  `CategoryID` int(11) NOT NULL AUTO_INCREMENT,
  `CategoryName` varchar(45) CHARACTER SET utf8 NOT NULL,
  PRIMARY KEY (`CategoryID`)
) ENGINE=InnoDB AUTO_INCREMENT=7 DEFAULT CHARSET=utf8mb4;
/*!40101 SET character_set_client = @saved_cs_client */;

--
-- Dumping data for table `categories`
--

LOCK TABLES `categories` WRITE;
/*!40000 ALTER TABLE `categories` DISABLE KEYS */;
INSERT INTO `categories` VALUES (1,'Văn học'),(2,'Kinh tế'),(3,'Kỹ năng'),(4,'Thiếu nhi'),(5,'Nuôi dạy con'),(6,'Học ngoại ngữ');
/*!40000 ALTER TABLE `categories` ENABLE KEYS */;
UNLOCK TABLES;

--
-- Table structure for table `customers`
--

DROP TABLE IF EXISTS `customers`;
/*!40101 SET @saved_cs_client     = @@character_set_client */;
/*!40101 SET character_set_client = utf8 */;
CREATE TABLE `customers` (
  `CustomerID` varchar(5) CHARACTER SET utf8 NOT NULL,
  `CustomerName` varchar(50) CHARACTER SET utf8 DEFAULT NULL,
  `Tel` varchar(15) DEFAULT NULL,
  `Email` varchar(45) DEFAULT NULL,
  `City` varchar(45) CHARACTER SET utf8 DEFAULT NULL,
  `Region` varchar(45) CHARACTER SET utf8 DEFAULT NULL,
  `Address` varchar(45) CHARACTER SET utf8 DEFAULT NULL,
  `Birthdate` date DEFAULT NULL,
  `AccountID` varchar(45) DEFAULT NULL,
  `CreateAt` date DEFAULT NULL,
  PRIMARY KEY (`CustomerID`),
  KEY `AcountID_idx` (`AccountID`),
  CONSTRAINT `AcountID` FOREIGN KEY (`AccountID`) REFERENCES `accounts` (`AccountID`)
) ENGINE=InnoDB DEFAULT CHARSET=utf8mb4;
/*!40101 SET character_set_client = @saved_cs_client */;

--
-- Dumping data for table `customers`
--

LOCK TABLES `customers` WRITE;
/*!40000 ALTER TABLE `customers` DISABLE KEYS */;
INSERT INTO `customers` VALUES ('KH001','Toản Quản','(058) 589 4337','gthach@ha.net.vn','Đồng Tháp','Mạch An Phương','1, Thôn Đạt Trương, Phường Linh','2000-09-12','toantoan',NULL),('KH002','Hoa Giao','(031) 399 2328','tan.vu@lai.com','Ninh Bình','Huyện 37','8 Phố Tông Đồng Thạc, Xã Chu Sâm Thục','1999-03-15','hoagiao',NULL),('KH003','Thọ Trịnh','(711) 372 2637','uyen14@che.com','Đà Nẳng','Huyện Hoàng','643 Phố Dương Linh My, Phường 7','1995-03-12','thotrinh',NULL),('KH004','Bổng Nhâm','(0650) 565 1688','bgiap@mach.com','Trà Vinh','Quách Hạnh Thư','78 Phố Cao, Xã 97','1992-06-03','bongnham',NULL),('KH005','Linh Viên','0710 211 9438','ha.ong@doi.com.vn','Lâm Đồng','Huyện Quỳnh','30, Thôn Vương Tuấn, Phường 54','1987-05-03','linhvien',NULL),('KH006','Ái Dương','(0510) 582 0861','cuc95@han.com','Long An','Khâu Ý Vi','56, Ấp Phượng, Phường Bạc','1997-12-27','aiduong',NULL),('KH007','Khoát Trà','(0120) 314 0893','nlai@lo.ac.vn','Đà Nẳng','Luật Hải','2707 Phố Thường, Phường Lâm Vương','1996-11-15','khoattra',NULL),('KH008','Vu Hạ','096 992 2514','tiep.don@hua.com','Lạng Sơn','Hoàng Cơ','555, Ấp 81, Phường Dư Nhật Lĩnh','1991-12-08','vuha',NULL),('KH009','Nguyên Vi','(0166) 170 1470','ma.thuc@ma.biz.vn','Hải Phòng','Trịnh Hoàng Hoa','4573 Phố Ấu Nhàn Vỹ, Phường Cấn','1998-03-19','nguyenvi',NULL),('KH010','Đại Cự','(0218) 748 2151','phan.cuong@au.mil.vn','Lai Châu','Huyện Xuân','1644, Ấp Thân Khê Lộc, Xã Lý','1999-02-06','daicu',NULL),('KH011','Đan Triệu','0230 826 5353','tuyet11@pho.gov.vn','Quảng Ngãi','Ánh Nghi','9, Thôn 75, Xã Tống Diễm Hiếu','2000-07-12','dangtrieu',NULL),('KH012','Tiền Ngô','0210 204 0588','dien.hoang@hung.health.vn','Cần Thơ','Ninh Kiều','3 Phố Hàng Huy Thảo, Xã 4','2001-05-13','tienngo',NULL),('KH015','Quỳnh Giao','329493208','huynhgiao@gmail','HCM','Quận 3','280 Cách Mạng Tháng 8','2001-07-12','quynhgiao',NULL),('KH18','Nội dung trang chủ f',NULL,' Array','Thành phố Đà Nẵng',NULL,NULL,'0000-00-00','huutinhluubbb','2021-01-10'),('KH19','Nội dung trang chủ f',NULL,' Array','Thành phố Đà Nẵng',NULL,NULL,'0000-00-00','huutinnnnn','2021-01-10'),('KH20','Nội dung trang chủ f',NULL,'huutinhluu@gmail.com','Thành phố Đà Nẵng',NULL,NULL,'2021-01-04','huuaabcdefgh','2021-01-10'),('KH21','Nội dung trang chủ f',NULL,'huutinhluu@gmail.com','Thành phố Đà Nẵng',NULL,NULL,'2021-01-04','fffff','2021-01-10'),('KH22','Tên khách',NULL,'huutinh0383@gmail.com','Tỉnh Bình Thuận',NULL,NULL,'1999-12-04','vxvcb','2021-01-10'),('KH23','Tên khách',NULL,'huutinh0383@gmail.com','Tỉnh Bình Thuận',NULL,NULL,'1999-12-04','vxvcbbxb','2021-01-10'),('KH24','trần văn a',NULL,'tranvana@gmailcom','Tỉnh Bình Định',NULL,NULL,'2000-12-09','tranvana','2021-01-10'),('KH25','Trần Văn A',NULL,'tranvana@gmail.com','Thành phố Hải Phòng',NULL,NULL,'2000-12-03','tranvana02','2021-01-11'),('KH26','nguyễn văn a',NULL,'nguyenvana','Tỉnh Cao Bằng',NULL,NULL,'1999-12-03','nguyenvana201','2021-01-11'),('KH27','Quản lí 1',NULL,'huutinhluu06@gmail.com','Tỉnh Cà Mau',NULL,NULL,'2000-12-09','admin2','2021-01-12');
/*!40000 ALTER TABLE `customers` ENABLE KEYS */;
UNLOCK TABLES;

--
-- Table structure for table `orderdetails`
--

DROP TABLE IF EXISTS `orderdetails`;
/*!40101 SET @saved_cs_client     = @@character_set_client */;
/*!40101 SET character_set_client = utf8 */;
CREATE TABLE `orderdetails` (
  `OrderID` int(11) NOT NULL,
  `ProductID_fk` int(11) NOT NULL,
  `Quantity` smallint(6) DEFAULT NULL,
  `UnitPrice` double DEFAULT NULL,
  `Discount` double DEFAULT NULL,
  `Total` double DEFAULT NULL,
  PRIMARY KEY (`OrderID`,`ProductID_fk`),
  KEY `FK_ProductID` (`ProductID_fk`),
  CONSTRAINT `FK_OrderID` FOREIGN KEY (`OrderID`) REFERENCES `orders` (`OrderID`) ON DELETE NO ACTION ON UPDATE NO ACTION,
  CONSTRAINT `FK_ProductID` FOREIGN KEY (`ProductID_fk`) REFERENCES `products` (`ProductID`) ON DELETE NO ACTION ON UPDATE NO ACTION
) ENGINE=InnoDB DEFAULT CHARSET=utf8mb4;
/*!40101 SET character_set_client = @saved_cs_client */;

--
-- Dumping data for table `orderdetails`
--

LOCK TABLES `orderdetails` WRITE;
/*!40000 ALTER TABLE `orderdetails` DISABLE KEYS */;
INSERT INTO `orderdetails` VALUES (1,7,1,76.8,0.1,NULL),(1,18,1,103.35,0,NULL),(1,21,1,89.4,0.05,NULL),(1,53,1,45,0,NULL),(3,14,1,150.5,0.1,NULL),(3,22,1,152,0,NULL),(3,61,1,180,0.07,NULL),(4,11,1,149.25,0.15,NULL),(4,17,1,107.4,0.08,NULL),(5,50,1,36.1,0,NULL),(5,62,1,545,0.2,NULL),(6,8,1,69.66,0,NULL),(6,44,1,168.9,0.17,NULL),(6,55,1,109,0.07,NULL),(8,3,12,89.4,0.05,NULL),(8,11,1,149.25,0.2,NULL),(8,20,10,165.2,0.1,NULL),(8,57,5,95,0.05,NULL),(9,15,5,218,0.1,NULL),(9,22,10,152,0.05,NULL),(9,48,2,38,0,NULL),(9,55,9,109,0.2,NULL),(9,60,1,118.8,0,NULL),(11,19,4,98.8,0,NULL),(11,33,2,198.003,0.3,NULL),(11,47,5,75,0.05,NULL),(11,50,2,36.1,0,NULL),(11,58,3,100.8,0.3,NULL),(12,25,6,176.25,0.15,NULL),(12,28,15,52.7,0.05,NULL),(12,37,7,48,0.05,NULL),(12,44,5,168.9,0.2,NULL),(12,56,1,780,0.2,NULL),(12,61,3,180,0,NULL),(14,1,5,66.2,0,NULL),(14,5,5,59.8,0.5,NULL),(18,46,4,65.6,0,NULL),(19,49,5,53.9,0,NULL),(19,52,1,136,0,NULL),(20,6,10,71,0.1,NULL),(20,10,5,69,0.2,NULL),(20,14,15,150.5,0.05,NULL),(20,43,20,85.4,0.05,NULL),(21,1,5,66.2,0.1,NULL),(21,54,1,42,0,NULL),(23,17,1,107000,0,107000),(23,29,1,72000,0,72000),(23,42,1,12000,0,12000),(23,59,1,112000,0,112000),(24,17,1,107000,0,107000),(24,29,1,72000,0,72000),(24,42,1,12000,0,12000),(24,59,1,112000,0,112000),(25,17,1,107000,0,107000),(25,29,1,72000,0,72000),(25,42,1,12000,0,12000),(25,59,1,112000,0,112000),(26,17,1,107000,0,107000),(26,29,1,72000,0,72000),(26,42,1,12000,0,12000),(26,59,1,112000,0,112000),(27,39,1,75000,0,75000),(28,1,1,66000,0,66000),(29,2,3,69000,0,207000);
/*!40000 ALTER TABLE `orderdetails` ENABLE KEYS */;
UNLOCK TABLES;

--
-- Table structure for table `orders`
--

DROP TABLE IF EXISTS `orders`;
/*!40101 SET @saved_cs_client     = @@character_set_client */;
/*!40101 SET character_set_client = utf8 */;
CREATE TABLE `orders` (
  `OrderID` int(11) NOT NULL AUTO_INCREMENT,
  `CustomerID` varchar(5) CHARACTER SET utf8 DEFAULT NULL,
  `TotalPrice` double DEFAULT NULL,
  `Create_At` date DEFAULT NULL,
  `Create_Update` date DEFAULT NULL,
  `Delete_Is` tinyint(1) DEFAULT NULL,
  `ShippedDate` date DEFAULT NULL,
  `StatusID` int(11) DEFAULT NULL,
  PRIMARY KEY (`OrderID`),
  KEY `FK_CustomerID_idx` (`CustomerID`),
  KEY `FK_StatusID` (`StatusID`),
  CONSTRAINT `FK_CustomerID` FOREIGN KEY (`CustomerID`) REFERENCES `customers` (`CustomerID`),
  CONSTRAINT `FK_StatusID` FOREIGN KEY (`StatusID`) REFERENCES `status_purchase` (`StatusID`) ON DELETE NO ACTION ON UPDATE NO ACTION
) ENGINE=InnoDB AUTO_INCREMENT=30 DEFAULT CHARSET=utf8mb4;
/*!40101 SET character_set_client = @saved_cs_client */;

--
-- Dumping data for table `orders`
--

LOCK TABLES `orders` WRITE;
/*!40000 ALTER TABLE `orders` DISABLE KEYS */;
INSERT INTO `orders` VALUES (1,'KH001',302.4,'2020-07-21','2020-07-21',NULL,'2020-07-24',4),(3,'KH001',454.85,'2020-08-23','2020-08-23',NULL,'2020-08-19',4),(4,'KH002',225.6705,'2020-06-02','2020-06-02',NULL,'2020-06-07',4),(5,'KH003',472.1,'2020-05-22','2020-05-22',NULL,'2020-06-04',4),(6,'KH004',311.217,'2020-10-15','2020-10-15',NULL,'2020-10-20',4),(8,'KH005',3076.61,'2020-09-10','2020-09-10',NULL,'2020-09-12',4),(9,'KH006',3404,'2020-03-14','2020-03-14',NULL,'2020-03-16',4),(11,'KH007',1312.5342,'2020-05-05','2020-05-05',NULL,'2020-05-17',4),(12,'KH008',3808.65,'2020-07-07','2020-07-07',NULL,'2020-07-08',4),(14,'KH009',480.5,'2020-04-06','2020-04-06',NULL,'2020-04-18',4),(18,'KH010',262.4,'2020-09-26','2020-09-26',NULL,'2020-09-29',4),(19,'KH011',405.5,'2020-02-20','2020-02-20',NULL,'2020-03-01',4),(20,'KH012',4682.225,'2020-11-01','2020-11-01',NULL,'2020-11-05',4),(21,'KH012',339.9,'2020-11-15','2020-11-20',NULL,'2020-11-20',4),(22,'KH26',NULL,'2021-01-18','2021-01-18',NULL,NULL,1),(23,'KH26',NULL,'2021-01-18','2021-01-18',NULL,NULL,1),(24,'KH26',NULL,'2021-01-18','2021-01-18',NULL,NULL,1),(25,'KH26',303000,'2021-01-18','2021-01-18',NULL,NULL,1),(26,'KH26',303000,'2021-01-18','2021-01-18',NULL,NULL,1),(27,'KH26',75000,'2021-01-18','2021-01-18',NULL,NULL,1),(28,'KH26',66000,'2021-01-18','2021-01-18',NULL,NULL,1),(29,'KH26',207000,'2021-01-19','2021-01-19',NULL,NULL,1);
/*!40000 ALTER TABLE `orders` ENABLE KEYS */;
UNLOCK TABLES;

--
-- Table structure for table `photos`
--

DROP TABLE IF EXISTS `photos`;
/*!40101 SET @saved_cs_client     = @@character_set_client */;
/*!40101 SET character_set_client = utf8 */;
CREATE TABLE `photos` (
  `PhotoID` int(11) NOT NULL AUTO_INCREMENT,
  `ProductID` int(11) NOT NULL,
  `Path` longtext DEFAULT NULL,
  `Data` varbinary(2048) DEFAULT NULL,
  PRIMARY KEY (`PhotoID`,`ProductID`),
  KEY `ProductID` (`ProductID`),
  CONSTRAINT `ProductID` FOREIGN KEY (`ProductID`) REFERENCES `products` (`ProductID`) ON DELETE NO ACTION ON UPDATE NO ACTION
) ENGINE=InnoDB AUTO_INCREMENT=2 DEFAULT CHARSET=utf8mb4;
/*!40101 SET character_set_client = @saved_cs_client */;

--
-- Dumping data for table `photos`
--

LOCK TABLES `photos` WRITE;
/*!40000 ALTER TABLE `photos` DISABLE KEYS */;
INSERT INTO `photos` VALUES (1,1,'image_book/BanDacGiaBaoNhieu.jpg',NULL),(1,2,'image_book/tuyetgiuamuahe.png',NULL),(1,3,'image_book/tothichcauhoncaharrvard.png',NULL),(1,4,'image_book/999lathu.png',NULL),(1,5,'image_book/buocchamlaigiuathegianvoiva.jpg',NULL),(1,6,'image_book/hanhlyhuvo.png',NULL),(1,7,'image_book/CamOnNguoiLon.png',NULL),(1,8,'image_book/doibankhongaisongho1.png',NULL),(1,9,'image_book/dam-bi-ghet.jpg',NULL),(1,10,'image_book/kiemlienmottho.png',NULL),(1,11,'image_book/nong_phang_chat_1_2.jpg',NULL),(1,12,'image_book/dau-mo-ouline-18-06-2018.jpg',NULL),(1,13,'image_book/swiss-made.jpg',NULL),(1,14,'image_book/tai-sao-cac-quoc-gia-that-bai.jpg',NULL),(1,15,'image_book/tam-nhn-thay-doi-quoc-gia.jpg',NULL),(1,16,'image_book/chientranhtiente.png',NULL),(1,17,'image_book/quoc-gia-khoi-nghiep.jpg',NULL),(1,18,'image_book/cuoc-dao-thoat-vi-dai.jpg',NULL),(1,19,'image_book/Cuhich.png',NULL),(1,20,'image_book/theGioiPhang1.png',NULL),(1,21,'image_book/philytri.png',NULL),(1,22,'image_book/loithutoisachthukinhte.png',NULL),(1,23,'image_book/kinh-te-hoc-hai-huoc.jpg',NULL),(1,24,'image_book/cach-nen-kinh-te-van-hanh.jpg',NULL),(1,25,'image_book/camonvidentre.png',NULL),(1,26,'image_book/nhung-bo-gia-chau-a.jpg',NULL),(1,27,'image_book/the_luong_nan_cua_nguoi_tu.jpg',NULL),(1,28,'image_book/quanganhlodi.png',NULL),(1,29,'image_book/ngungvienco.png',NULL),(1,30,'image_book/dungviec.png',NULL),(1,31,'image_book/trenduongbang.png',NULL),(1,32,'image_book/NgayXuaCoMotConBo.jpg',NULL),(1,33,'image_book/tuduynhanhcham.png',NULL),(1,34,'image_book/20-gio-dau-tien.jpg',NULL),(1,35,'image_book/sach-hay-song-o-the-chu-dong.jpg',NULL),(1,36,'image_book/nghi-nguoc-lai-lam-khac-di.jpg',NULL),(1,37,'image_book/doidongiankhitadongian.png',NULL),(1,38,'image_book/hieuvetraitim.png',NULL),(1,39,'image_book/baihockidieutuxerac.png',NULL),(1,40,'image_book/BucXucKhongLamTaVoCan.jpg',NULL),(1,41,'image_book/thanguisothu.png',NULL),(1,42,'image_book/PhuThuyOXuOz.jpg',NULL),(1,43,'image_book/anhchanghobit.png',NULL),(1,44,'image_book/Charlie_vaNhaMaySoCoLa.jpg',NULL),(1,45,'image_book/conyeubochungnao.png',NULL),(1,46,'image_book/pippi_tat_dai-pp_4.jpg',NULL),(1,47,'image_book/khuvuonbimat.png',NULL),(1,48,'image_book/Alicexusotrongguong.png',NULL),(1,49,'image_book/HoangTuBe.jpg',NULL),(1,50,'image_book/maiyeucon.png',NULL),(1,51,'image_book/caytaoyeuthuong.png',NULL),(1,52,'image_book/Nuoidaytrthichdocsach.png',NULL),(1,53,'image_book/day_con_kieu_nhat_ban_-2.jpg',NULL),(1,54,'image_book/bomethongthai.png',NULL),(1,55,'image_book/phuongphapdayconkhongdonroi.png',NULL),(1,56,'image_book/giao-duc-nao-phai.jpg',NULL),(1,57,'image_book/DayConThongMinhQuaCacTroChoi.png',NULL),(1,58,'image_book/vualuoivuaban.png',NULL),(1,59,'image_book/Phuongphapdaytienganh.png',NULL),(1,60,'image_book/HackingYourEnglishSpeaking.jpg',NULL),(1,61,'image_book/englisth22.png',NULL),(1,62,'image_book/combo5sachtienganh.png',NULL),(1,63,'image_book/tienganh3.png',NULL);
/*!40000 ALTER TABLE `photos` ENABLE KEYS */;
UNLOCK TABLES;

--
-- Table structure for table `products`
--

DROP TABLE IF EXISTS `products`;
/*!40101 SET @saved_cs_client     = @@character_set_client */;
/*!40101 SET character_set_client = utf8 */;
CREATE TABLE `products` (
  `ProductID` int(11) NOT NULL AUTO_INCREMENT,
  `ProductName` varchar(45) CHARACTER SET utf8 NOT NULL,
  `CategoryID` int(11) NOT NULL,
  `UnitPrice` float DEFAULT NULL,
  `UnitsInStock` smallint(6) DEFAULT NULL,
  `UnitsOnOrder` smallint(6) DEFAULT NULL,
  `Discontinued` tinyint(4) DEFAULT NULL,
  `Created_Add` date DEFAULT NULL,
  `NumberViews` int(11) DEFAULT NULL,
  `Description` longtext DEFAULT NULL,
  `Author` varchar(45) DEFAULT NULL,
  `PublishingCompanyID` int(11) DEFAULT NULL,
  PRIMARY KEY (`ProductID`),
  KEY `PublishingCompanyID` (`PublishingCompanyID`),
  KEY `FK_CategoryID` (`CategoryID`),
  CONSTRAINT `FK_CategoryID` FOREIGN KEY (`CategoryID`) REFERENCES `categories` (`CategoryID`) ON DELETE NO ACTION ON UPDATE NO ACTION,
  CONSTRAINT `PublishingCompanyID` FOREIGN KEY (`PublishingCompanyID`) REFERENCES `publishingcompanys` (`PublishingCompanyID`) ON DELETE NO ACTION ON UPDATE NO ACTION
) ENGINE=InnoDB AUTO_INCREMENT=66 DEFAULT CHARSET=utf8mb4;
/*!40101 SET character_set_client = @saved_cs_client */;

--
-- Dumping data for table `products`
--

LOCK TABLES `products` WRITE;
/*!40000 ALTER TABLE `products` DISABLE KEYS */;
INSERT INTO `products` VALUES (1,'Bạn Đắt Giá Bao Nhiêu?',1,66000,9,11,0,'2018-03-01',31,'   <b> Bạn Đắt Giá Bao Nhiêu?</b><br><br>Câu trả lời này do chính bạn quyết định, chính bạn “định giá”.<br><br>Hơn bốn mươi câu chuyện trong sách xoay quanh các chủ đề tình yêu, hôn nhân, gia đình, sự nghiệp… đến từ chính cuộc sống của tác giả và những người xung quanh, vừa thực tế lại vừa gợi mở, dễ dàng giúp chúng ta liên hệ với tình huống của chính mình. Với những câu chuyện đó, Vãn Tình hi vọng có thể giúp các cô gái thoát khỏi tình cảnh khó khăn, tìm lại bản ngã, sống cuộc đời theo cách mà mình mong muốn.<br><br>Đọc cuốn sách này, đôi khi bạn nên dừng lại và thành thực với bản thân, liệu bạn có đang là phiên-bản-mà-bạn-yêu-thích-nhất, phiên-bản-bạn-mong- muốn-trở-thành. Hãy thử trả lời các câu hỏi: Sự thỏa hiệp có làm bạn hạnh phúc hay không? Bạn có đang cố gắng lấy lòng tất cả mọi người? Bạn có dám thay đổi?... Và quan trọng nhất: Bạn đắt giá bao nhiêu?<br><br> “Khi chúng ta đủ xuất sắc và thông tuệ, chúng ta sẽ có được một trái tim thông thái và một đôi mắt trong trẻo, nhìn thấu thực tại và sự khắc nghiệt của thế gian, phân biệt được mọi thị phi sai đúng, nhưng vẫn sống tự tin và nhiệt tình. Hi vọng chúng ta đều sẽ trở thành một cô gái như vậy…”<br><br>“Các cô gái thân mến, mong rằng sự trưởng thành của chúng ta không phải đến từ sự thương tổn.<br><br>Không cần trở thành một cô gái được tất-cả-mọi-người yêu quý, nhưng nhất định phải trở thành một cô gái mà chính-mình-yêu-thích.”<br><br>“Trong chúng ta, có rất nhiều người cố gắng cả đời cũng không thể tìm thấy tình yêu chân thành, bởi vì chúng ta đã thỏa hiệp với cuộc sống trước khi tình yêu ấy xuất hiện.”','Vãn Tình',1),(2,'Tuyết giữa mùa hè',1,69000,12,3,0,'2019-01-01',41,'    Ai rồi cũng chỉ có thể nương tựa vào chính mình.<br><br>Đâu phải ai cũng luôn hạnh phúc. Người hài lòng với niềm vui bé nhỏ thì ít, kẻ hờn cuộc đời lại vô cùng nhiều. Ai già ai trẻ, ai chức cao vọng trọng, ai vô danh chỉ là hạt cát bé nhỏ…, mấy ai mãn nguyện với những gì mình có. Bởi vậy, con người mãi trầm luân trong chốn nông sâu giữa nhân gian này.<br><br>Hạnh phúc không phải sự đồng hóa đến từ bên ngoài. Đừng mặc chiếc áo mà người khác cho là đẹp, đừng ướm đôi giày mà họ đang đi. Đừng đồng hóa mình với bất kỳ điều gì: vật chất, bản ngã của người khác, hay chính những ham muốn nhất thời ở mỗi chúng ta. Đừng nương náu vào một ai đó, đừng níu kéo quá khứ hay kỳ vọng nhiều vào tương lai.<br><br>Cuộc sống tựa đỉnh vực, đầy cảm dỗ khi đứng cao hơn tất cả mọi người. Nhưng nhìn xem, dưới chân cũng là đáy vực sâu thăm thẳm. Có quá nhiều điều vô nghĩa trên thế giới này. Bởi thế, hãy sống một cuộc đời mãn nguyện, tựa như một ngôi chùa đã cũ trong rừng: đơn sơ, lặng yên và tĩnh tại<br><br>Lòng người vẫn mãi mềm, cuộc đời vẫn gai góc. Chúng ta vẫn có đôi chân của chính mình để nương tựa và luôn có chính mình để bầu bạn, náu nương. Không ai có thể theo đuổi mãi những tị hiềm, nên biết quay đầu từng bước tìm về bản thể.<br><br>Dù chỉ là một hơi thở giữa nhân gian này, thì cũng hãy tin bản thân, vững vàng như một cái cây, ngày ngày vẫn không ngừng đâm rễ sâu xuống lòng đất.<br><br>Trên đám mây đen, còn đó màu của nắng. Cây khô cằn cỗi vẫn đợi mưa để đâm chồi, mọc lên xanh biếc. Lòng người dù héo hon thì hãy đợi chờ, rồi sẽ có ngày xanh trở lại. Nhọc nhằn quá thì dừng chân lại nghỉ ngơi, ngồi dưới mái hiên nhìn mây trôi, ngắm hoa nở, sống một đời an lạc. Tâm an thì thân an. Dù bên kia là phong ba gió bụi, nơi này ta vẫn an trú được trong một giấc ngủ yên bình.','Thiền Sư Sayadaw U Jotika',1),(3,'Tớ thích cậu hơn cả Harvard',1,89000,3,12,0,'2019-02-01',23,'   Câu chuyện thanh xuân đầy ngọt ngào mà cũng đầy cay đắng<br><br>Món quà tuyệt vời nhất cho mùa hè rực rỡ !<br><br>Tuổi trẻ đầy mộng mơ và tươi đẹp của ai cũng đã từng có một chàng trai bàn bên, một cô nàng lớp kế, một người mà chúng ta dùng tất cả mọi sự thuần khiết và vô tư của mình để tưởng nhớ về một thời Thanh Xuân ấy.<br><br>Những rung động ngọt ngào, những cảm xúc giản đơn, những khoảnh khắc tuổi trẻ đáng mến ấy, suy cho cùng ai cũng chỉ có một lần trong đời mà thôi.<br><br>Có lẽ vì vậy mà Tớ Thích Cậu Hơn Cả Harvard của nữ tác giả ngôn tình hàng đầu Việt Nam- Lan Rùa sẽ là cuốn sách thanh xuân tuyệt vời nhất cho tất cả chúng ta trong mùa hè năm nay !<br><br>TỚ THÍCH CẬU HƠN CẢ HARVARD của Lan Rùa, là cuốn tiểu thuyết viết về những tháng năm hồn nhiên nhất trong cuộc đời mỗi người, từng trang sách sẽ cùng bạn đi tìm lại những dư vị ngọt ngào của mối tình thanh xuân năm nào qua mối tình “gà bông” của Thu và Khôi.<br><br>Câu chuyện bắt đầu từ ước mơ Harvard mãnh liệt của một cô gái nhà nghèo có biệt danh “Tây Thu đậu phụ”, cho đến khi cô gặp Khôi-  một chàng trai có cuộc sống mà bao người mong ước. Hoàn cảnh khác biệt, tính cách đối lập, ngỡ tưởng họ sẽ chẳng bao giờ trở thành điều gì đó trong cuộc sống của nhau. Nhưng định mệnh vốn là thứ  không lường trước, chẳng biết từ bao giờ, một mối tình trong sáng chớm nở trong lòng những người trẻ ấy.','Lan Rùa',2),(4,'999 Lá Thư Gửi Cho Chính Mình',1,70000,5,0,0,'2018-09-01',11,'   <b>999 Lá Thư Gửi Cho Chính Mình – Mong Bạn Trở Thành Phiên Bản Hoàn Hảo Nhất</b><br><br>“999 lá thư gửi cho chính mình” là một tác phẩm đặc biệt đầy cảm hứng đến từ tác giả văn học mạng nổi tiếng Miêu Công Tử, mang một màu sắc riêng biệt qua những lời thư nhỏ nhắn nhủ đến người đọc về giá trị cuộc sống, tình yêu, tuổi trẻ, tương lai… v.v.. đã làm lay động trái tim của hàng vạn độc giả trẻ. Cầm trên tay cuốn sách “999 lá thư gửi cho chính mình” – bạn sẽ hiểu rằng: tuổi trẻ của chúng ta dù có mong manh đến đâu thì cũng sẽ thành công vượt qua mọi khó khăn một cách mạnh mẽ ngoài sức tưởng tượng. Một ngày nào đó, bạn sẽ cảm nhận được hạnh phúc, tự tin của chính bản thân và học được cách mỉm cười trước những nỗi đau của quá khứ. Bạn sẽ biết cách nói lời cảm ơn với những ai đã rời bỏ bạn, hiểu ra rằng họ không phải người thích hợp để cùng đồng hành với bạn trên đoạn đường chông gai đi tới tương lai. Đôi lúc bạn có thể yếu đuối mỏi mệt rơi nước mắt, thế nhưng khi bất chợt nhìn lại, bạn sẽ thấy thì ra mình đã rất mạnh mẽ, dũng cảm đi hết cả một quãng đường dài.<br><br>“999 lá thư gửi cho chính mình” – Mong bạn trở thành phiên bản hoàn hảo nhất. Cái gọi là vẻ đẹp nội tâm luôn luôn tốt hơn vẻ bề ngoài hào nhoáng, hy vọng bạn sẽ mãi luôn kiên cường, dũng cảm đứng ở nơi ánh sáng chiếu rọi, sống tốt một cuộc sống mà mình hằng mong ước.<br><br>Giá sản phẩm trên Tiki đã bao gồm thuế theo luật hiện hành. Tuy nhiên tuỳ vào từng loại sản phẩm hoặc phương thức, địa chỉ giao hàng mà có thể phát sinh thêm chi phí khác như phí vận chuyển, phụ phí hàng cồng kềnh, ...','Miêu Công Tử',3),(5,'Bước Chậm Lại Giữa Thế Gian Vội Vã',1,59000,3,5,0,'2018-01-01',3,'<b>Bước Chậm Lại Giữa Thế Gian Vội Vã (Tái Bản)</b><br><br>Chen vai thích cánh để có một chỗ bám trên xe buýt giờ đi làm, nhích từng xentimét bánh xe trên đường lúc tan sở, quay cuồng với thi cử và tiến độ công việc, lu bù vướng mắc trong những mối quan hệ cả thân lẫn sơ… bạn có luôn cảm thấy thế gian xung quanh mình đang xoay chuyển quá vội vàng?<br><br>Nếu có thể, hãy tạm dừng một bước.<br><br>Để tự hỏi, là do thế gian này vội vàng hay do chính tâm trí bạn đang quá bận rộn? Để cầm cuốn sách nhỏ dung dị mà lắng đọng này lên, chậm rãi lật giở từng trang, thong thả khám phá những điều mà chỉ khi bước chậm lại mới có thể thấu rõ: về các mối quan hệ, về chính bản thân mình, về những trăn trở trước cuộc đời và nhân thế, về bao điều lý trí rất hiểu nhưng trái tim chưa cách nào nghe theo…<br><br>Ra mắt lần đầu năm 2012, Bước chậm lại giữa thế gian vội vã của Đại đức Hae Min đã liên tục đứng đầu danh sách best-seller của nhiều trang sách trực tuyến uy tín của Hàn Quốc, trở thành cuốn sách chữa lành cho hàng triệu người trẻ luôn tất bật với nhịp sống hiện đại hối hả.<br><br>Giá sản phẩm trên Tiki đã bao gồm thuế theo luật hiện hành. Tuy nhiên tuỳ vào từng loại sản phẩm hoặc phương thức, địa chỉ giao hàng mà có thể phát sinh thêm chi phí khác như phí vận chuyển, phụ phí hàng cồng kềnh, ...','Hae Min',4),(6,'Hành Lý Hư Vô',1,71000,14,0,0,'2019-05-01',14,'Hành lý hư vô.<br>Đó là thứ duy nhất có thể mang theo.<br>Vào đúng khi bạn nhận ra có bao nhiêu đồ đạc cũng chẳng lấp nổi biển trong lòng.<br>Vào đúng khi bạn có quá nhiều thứ để nhìn nhận lại trước và trong những cuộc chia tay.<br>Vào đúng khi bạn hiểu cách những mối quan hệ biến dạng sau mỗi cuộc chuyển dời, nhất là giữa người với người.<br>Vào đúng khi bạn biết là mình có thể buông, nhẹ không.<br>Hành lý hư vô là tập tản văn mới nhất của nhà văn Nguyễn Ngọc Tư. Đọc nó, người ta khó lòng ngăn cản được nỗi buồn, mà cũng không muốn ngăn cản nỗi buồn bởi cuối dòng chảy cảm xúc ấy là sự đồng cảm, hy vọng và cả dỗ dành.<br>Một tập tản văn đẹp, hiền, mộc mạc và sâu lắng chứa đựng tấm lòng của người viết.<br>Giá sản phẩm trên Tiki đã bao gồm thuế theo luật hiện hành. Tuy nhiên tuỳ vào từng loại sản phẩm hoặc phương thức, địa chỉ giao hàng mà có thể phát sinh thêm chi phí khác như phí vận chuyển, phụ phí hàng cồng kềnh, ...','Nguyễn Ngọc Tư',5),(7,'Cảm Ơn Người Lớn',1,76000,12,1,0,'2018-10-01',5,'<b>Cảm ơn người lớn (Bìa Mềm)</b> - một áng văn lãng mạn trong giọng hài hước đặc biệt “dành cho trẻ em, và những ai từng là trẻ em”.<br><br>Bạn sẽ gặp lại Mùi, Tủn, Tí sún, Hải cò… của Cho tôi xin một vé đi tuổi thơ, cùng chơi những trò chơi quen thuộc, và được đắm mình vào những ước mơ điên rồ, ngốc nghếch nhưng trong veo của tuổi mới lớn hồn nhiên và đầy ắp dự định.<br><br>Và cả khi họ đã trưởng thành, bạo chúa thời gian đã vùng vẫy thế nào trong cuộc đời của những nhân vật mà bạn yêu quý…<br><br>Hãy bắt đầu đọc từ bất cứ trang nào, có thể đọc bất cứ lúc nào, và cùng với bất cứ ai. Bạn sẽ nhận được món quà “n trong 1” của nhà văn Nguyễn Nhật Ánh: sẽ n lần thổn thức qua 1 cuốn sách 19 chương đầy ắp tình bạn ngây thơ, tình xóm giềng tốt lành nhân ái, tình yêu đắm đuối ngọt ngào…<br><br>Cảm ơn người lớn được Nguyễn Nhật Ánh đặt bút viết đúng sau 10 năm ra đời Cho tôi xin một vé đi tuổi thơ – cuốn sách bán chạy tới nay đã 400.000 bản.<br><br>***<br><br>Trích đoạn hay trong sách:<br><br>“Tôi viết cuốn sách này không dành cho trẻ em.<br><br>Tôi viết cho những ai từng là trẻ em.”<br><br>(CHO TÔI XIN MỘT VÉ ĐI TUỔI THƠ)','Nguyễn Nhật Ánh',5),(8,'Đời bạn, bạn không sống, ai sống hộ',1,69000,7,2,0,'2019-02-01',5,'Trong khi những người hàng xóm Châu Á còn giữ nguyên tư tưởng “Còn bé nhờ cậy cha mẹ, trưởng thành nhờ cậy vợ chồng, về già nhờ cậy con cái”, Nhật Bản từ lâu đã biến mình thành một con sói cô đơn.<br><br>Điều gì đã khiến Nhật Bản vượt qua chiến tranh tàn khốc, trở thành một cường quốc? Điều gì đã giúp những người dân đương đầu với thiên tai mỗi năm, tiếp tục cuộc sống gắn bó với đảo quốc nhỏ bé này?<br><br>Đó chính là tinh thần tự lực!<br><br>Không dựa dẫm, không làm phiền người khác, không trông chờ người khác sống hộ mình, đó chính là một phẩm chất cao quý, là “phép màu” đã giúp người Nhật sống tốt qua những thử thách khắc nghiệt!<br><br>“Đời bạn, bạn không sống, ai sống hộ?” – cuốn sách đã bán được hơn 2 TRIỆU BẢN tại xứ sở hoa anh đào, là những lời tâm huyết đúc kết bởi nữ nhà văn nổi tiếng Kazuko Watanabe, để bạn thấu hiểu:<br><br>Cuộc sống sẽ không dành cho bạn những thử thách vô nghĩa. Mỗi sự việc xảy ra đều có lý do của nó, việc của bạn là chấp nhận và lựa chọn cách đối mặt.<br><br>Những thử thách trong cuộc đời đều chỉ có một mục đích duy nhất là rèn luyện bạn thành một viên kim cương tỏa sáng.<br><br>Còn điều gì quan trọng hơn sự tự tin vào năng lực của chính mình? Khi bạn có khả năng kiếm tiền, bạn có thể nhìn thấy cơ hội trong mọi nghề nghiệp. Khi bạn có thể thấu hiểu quy luật của cuộc sống, bạn có thể sống ở bất cứ nơi đâu.<br><br>Chúng ta không thể lựa chọn xuất thân, nhưng có thể lựa chọn cách sống. Và sự thay đổi bắt đầu ngay từ giây phút bạn thay đổi tư duy và hành động, nhận thức được bạn chính là người duy nhất phải gánh vác cuộc đời mình.','Kazuko Watanabe',6),(9,'Dám Bị Ghét',1,66000,21,0,0,'0000-00-00',1,'<b>Dám Bị Ghét</b><br><br>Các mối quan hệ xã hội thật mệt mỏi.<br><br>Cuộc sống sao mà nhạt nhẽo và vô nghĩa.<br><br>Bản thân mình xấu xí và kém cỏi.<br><br>Quá khứ đầy buồn đau còn tương lai thì mờ mịt.<br><br>Yêu cầu của người khác thật khắc nghiệt và phi lý.<br><br>TẠI SAO BẠN CỨ PHẢI SỐNG THEO KHUÔN MẪU NGƯỜI KHÁC ĐẶT RA?<br><br>Dưới hình thức một cuộc đối thoại giữa Chàng thanh niên và Triết gia, cuốn sách trình bày một cách sinh động và hấp dẫn những nét chính trong tư tưởng của nhà tâm lý học Alfred Adler, người được mệnh danh là một trong “ba người khổng lồ của tâm lý học hiện đại”, sánh ngang với Freud và Jung. Khác với Freud cho rằng quá khứ và hoàn cảnh là động lực làm nên con người ta của hiện tại, Adler chủ trương “cuộc đời ta là do ta lựa chọn”, và tâm lý học Adler được gọi là “tâm lý học của lòng can đảm”.<br><br>Bạn bất hạnh không phải do quá khứ và hoàn cảnh, càng không phải do thiếu năng lực. Bạn chỉ thiếu “can đảm” mà thôi. Nói một cách khác, bạn không đủ “can đảm để dám hạnh phúc”. [] Bởi can đảm để dám hạnh phúc bao gồm cả “can đảm để dám bị ghét” nữa. [] Chỉ khi dám bị người khác ghét bỏ, chúng ta mới có được tự do, có được hạnh phúc.<br><br>Giá sản phẩm trên Tiki đã bao gồm thuế theo luật hiện hành. Tuy nhiên tuỳ vào từng loại sản phẩm hoặc phương thức, địa chỉ giao hàng mà có thể phát sinh thêm chi phí khác như phí vận chuyển, phụ phí hàng cồng kềnh, ...',' Kishimi Ichiro , Koga Fumitake',7),(10,'Kim Liên một thuở',1,69000,5,0,0,'2019-02-01',9,'<b>Kim Liên Một Thuở - Ký Ức Hà Nội Từ Những Khu Nhà Cũ</b><br><br>Là một trong những khu tập thể đầu tiên ở Hà Nội, được xây dựng từ năm 1959, khu tập thể Kim Liên như một nhân chứng lịch sử đánh dấu những thay đổi của Hà Nội nói riêng và miền Bắc nói chung.Với thế hệ 6x, 7x, 8x sinh ra và lớn lên ở Hà Nội khu tập thể là cả một ký ức tuổi thơ sống động và ngập tràn kỷ niệm. Gia đình tác giả là một trong những cư dân đầu tiên của khu tập thể “cao cấp nhất Hà Nội” thời bấy giờ. Chỉ riêng điều đó thôi cũng đủ khiến người ta nhớ mãi, muốn lưu giữ lại tài sản quý giá nhất của gia đình để hoài niệm về một Hà Nội qua những khu nhà cũ.<br><br>Khu tập thể giờ đây với những người trẻ, người nhập cư là màu sơn vàng đặc trưng, là cầu thang bộ lối đi chật hẹp, với những khe cửa hoa ít ánh sáng, ngoài ra người ta còn cơi nới những sảnh cầu thang bộ chung đó để đồ đạc cũ hỏng hay những bếp than tổ ong, bếp dầu, nơi nhốt chó, mèo…<br><br>Gần 60 năm là khoảng thời gian tác giả và gia đình đã gắn bó, sinh sống tại khu tập thể. Cùng lớn lên, trưởng thành và già đi theo thời gian. Nên, tất cả những vật dụng đó cho dù bừa bộn, cũ kỹ, ẩm mốc nhưng lại lưu dấu trong đầu những con người nhiều xúc cảm sống trong đó, để rồi trở thành những kỷ niệm đẹp, thân thương; những kỷ niệm rất đặc trưng khi nhớ về nơi chốn đó, nơi người ta đã từng sống những năm khốn khó và bận bịu.<br><br>Tập thể Kim Liên không chỉ là những điều cũ kỹ mà còn từng là căn hộ rộng rãi nhất của gia đình từ trước tới giờ (dù chỉ rộng hơn 20m2) vẫn thơm mùi sơn mới, dùng một chìa mà có thể mở được tất cả các ổ khóa của phòng khác, từ khi các căn hộ được đánh số là 1, 2, 3… thay vì 101, 201, 301 như bây giờ,…','Vũ Công Chiến,',1),(11,'Nóng, Phẳng, Chật',2,149000,34,1,0,'2010-01-01',5,'Nhân Ngày Môi trường thế giới (5.6), NXB Trẻ cho ra mắt độc giả tác phẩm mới nhất “Nóng, phẳng, chật” (Hot, Flat and Crowded) của Thomas L.Friedman – tác giả của cuốn sách nổi tiếng thế giới “Thế giới phẳng”, là người phụ trách chuyên mục “Những vấn đề quốc tế” của Báo New York Times, ba lần đoạt giải Pulitzer.“Nóng, phẳng, chật” đưa ra một cách nhìn mới, rất “khiêu khích” về hai trong số những thách thức lớn nhất mà hiện nước Mỹ đang đối mặt: Đó là khủng hoảng môi trường toàn cầu và việc Mỹ đánh mất trọng tâm và mục tiêu quốc gia một cách đáng ngạc nhiên kể từ sau sự kiện 11.9.Trong đó, Friedman lý giải sự nóng lên của trái đất, dân số tăng nhanh và tầng lớp trung lưu trên thế giới đang phát triển mạnh, chính là hệ quả của quá trình toàn cầu hóa, đang góp phần tạo ra một hành tinh “Nóng bỏng, bằng phẳng và chật chội.”','Thomas Loren Friedman',5),(12,'Dầu Mỏ, Tiền Bạc Và Quyền Lực',2,296000,22,0,0,'2018-07-01',5,'<b>Dầu Mỏ, Tiền Bạc Và Quyền Lực (Tái Bản 2018)</b><br><br>Dầu Mỏ, Tiền Bạc Và Quyền Lực khắc họa toàn cảnh lịch sử ngành công nghiệp dầu mỏ - cuộc giao tranh giành tiền bạc và quyền lực có xung quanh vấn đề dầu mỏ. Cuộc chiến này đã làm rung chuyển nền kinh tế toàn cầu, phản ánh hậu quả của các cuộc chiến tranh thế giới và khu vực, đồng thời thay đổi vận mệnh nhân loại nói chung và các quốc gia nói riêng.<br><br>Dầu Mỏ, Tiền Bạc Và Quyền Lực là một bức tranh về lịch sử thế kỷ XX, cũng là về ngành công nghiệp dầu mỏ. Bức họa khổng lồ này tái hiện lịch sử từ khi người ta khoan giếng dầu đầu tiên ở Pennsylvania, trải qua hai cuộc đại chiến, tới khi Iraq xâm lược Kuwait và Chiến dịch bão táp sa mạc.<br><br>Nhiều nhân vật lịch sử xuất hiện trong cuốn sách, từ những người liều mạng đi tìm dầu mỏ, những kẻ lừa đảo tới những ông vua dầu mỏ, từ cựu Thủ tướng Anh Winston Churchill, và Quốc vương Ả-rập Xê-út Ibn Saud, tới Tổng thống Mỹ George Bush và cựu Tổng thống Iraq Saddam Hussein. Là cuốn sách đồ sộ và hùng tráng về chủ đề dầu mỏ đầy bí ẩn, lôi cuốn và mang tính sống còn với thế giới, Dầu mỏ, tiền bạc và quyền lực không chỉ trình bày những nhận thức cơ bản về dầu mỏ, về quyền lực, về tiền bạc mà còn về cả thế kỷ XX. Tác phẩm có sức khái quát đặc biệt, tầm quan trọng to lớn và lôi cuốn tới mức mê hoặc.<br><br>Dầu Mỏ, Tiền Bạc Và Quyền Lực đã được hãng PBS dựng thành bộ phim cùng tên và được trao giải Eccle cho tác phẩm không hư cấu xuất sắc nhất năm 1992.','Daniel Yergin',1),(13,'Swiss Made',2,119000,11,0,0,'2014-02-01',2,'<b>Swiss Made – Chuyện chưa từng được kể về những thành công phi thường của đất nước Thụy Sỹ</b><br><br>Năm 2012, GDP của Thụy Sĩ đạt hơn 600 tỉ đô-la Mỹ, tương đương với thu nhập bình quân đầu người hàng năm của quốc gia là trên 75 nghìn đô-la.Trong khi đó, tại Mỹ, thu nhập bình quân đầu người là 50 nghìn đô-la; tại Pháp và Đức, con số này khoảng 43 nghìn đô-la, còn tại Anh Quốc là 41 nghìn đô-la.<br><br>Thụy Sĩ cũng có tỷ lệ bằng sáng chế, tỷ lệ số người đoạt giải Nobel trên đầu người cao nhất thế giới, được xếp hạng là quốc gia cạnh tranh nhất thế giới, và hệ thống giáo dục cũng thuộc loại tốt nhất thế giới. Điều gì đã làm nên thành quả phi thường này của đất nước Thụy Sĩ vốn nổi tiếng với nguồn tài nguyên ít ỏi (ngoại trừ tài nguyên nước và thắng cảnh tuyệt mỹ phục vụ du lịch)?<br><br>Cuốn sách “Swiss made – Chuyện chưa từng được kể về những thành công phi thường của đất nước Thụy Sỹ” do một cựu phóng viên tờ The Economist, người đã làm việc rất nghiêm túc và có hệ thống, đã giải đáp phần nào cho câu hỏi này.','R. James Breiding',7),(14,'Tại Sao Các Quốc Gia Thất Bại',2,150000,17,1,0,'2013-05-01',0,'<b>Tại Sao Các Quốc Gia Thất Bại</b><br><br>Sử dụng lịch sử Đông-Tây kim-cổ đã diễn ra trên tất cả các châu lục của trái đất này, hai tác giả lập luận rằng những quốc gia thất bại là những đất nước bị cai trị bởi một nhóm quyền thế tập trung, và những nhóm này đã tổ chức xã hội để phục vụ cho quyền lợi riêng của họ trong khi đại đa số quần chúng nhân dân phải trả giá. Thế lực chính trị bị tập trung trong một nhóm nhỏ, được sử dụng để tạo ra tài sản khổng lồ cho những người nắm giữ quyền lực.<br><br>Trong khi đó, những nước trở nên giàu có là vì người dân nước đó lật đổ giới quyền thế, những người kiểm soát quyền lực, và tạo ra một xã hội trong đó các quyền chính trị được phân phối rộng rãi, trong đó chính phủ có trách nhiệm giải trình và phải đáp ứng trước công dân, và trong đó đại đa số quần chúng có thể tranh thủ các cơ hội kinh tế.<br><br>Tóm lại, điều cuốn sách muốn nhắm đến là thể chế nào có những điều chỉnh, cải cách để dung hợp được các lợi ích kinh tế-chính trị và tạo điều kiện cho người dân làm ăn sinh sống được tốt nhất sẽ thành công. Như sách đã chỉ ra, ngay như Trung Quốc, khi họ giải quyết được phần nào đó sự dung hợp này, họ đã có sự tăng trưởng thần kỳ. Và giờ đây họ vẫn tiếp tục giải quyết bài toán thể chế dung hợp của họ.','Daron Acemoglu - James A. Robinson',5),(15,'Tầm Nhìn Thay Đổi Quốc Gia',2,218000,19,5,0,'2019-05-01',25,'\"Người lãnh đạo tốt là người luôn đặt lợi ích của cộng đồng lên trước lợi ích của bất kỳ phe nhóm nào.\" (Mohammed bin Rashid AI Maktoum)<br><br>Từ một Tiểu quốc có nhiều người dân chết đói trong một nền kinh tế kiệt quệ, Dubai vụt nổi lên như một hiện tượng thành công vượt trội và được cả thế giới ngưỡng mộ.<br><br>Chỉ trong 20 năm, với dân số khoảng 2 triệu người trên một diện tích 4.000 km2, Dubai đã phát triển thần kỳ, trở thành một thành phố toàn cầu và là một trung tâm kinh tế của thế giới với các với các trung tâm tài chính, công nghệ thông tin, du lịch, cảng biển, bất động sản, các công trình đồ sộ bậc nhất thế giới: The Palm - quần đảo nhân tạo lớn và đẹp nhất thế giới; Burj Khalifa - tòa nhà cao nhất thế giới; Jebel Ali - cảng nước sâu nhân tạo lớn nhất thế giới,<br><br>Điều gì đã tạo nên sự kỳ diệu đó? Quyển sách này sẽ cho chúng ta phần lớn câu trả lời, từ chính Quốc vương của Dubai - Sheikh Mohammed','Mohammed bin Rashid Al Maktoum',8),(16,'Chiến Tranh Tiền Tệ',2,97000,28,0,0,'2017-07-01',12,'Phần lớn chúng ta thường nghĩ sự hiện diện của đồng tiền trong cuộc sống là một lẽ đương nhiên, như không khí hay nước vậy. Rất ít người trong chúng ta hiểu được nguồn gốc của tiền bạc cũng như sự sinh tồn và phát triển của đồng tiền.<br><br>Một khi đọc “Chiến tranh tiền tệ - Ai thật sự là người giàu nhất thế giới” bạn sẽ phải giật mình nhận ra một điều kinh khủng rằng, đằng sau những tờ giấy bạc chúng ta chi tiêu hàng ngày là cả một thế lực ngầm đáng sợ - một thế lực bí ẩn với quyền lực siêu nhiên có thể điều khiển cả thế giới rộng lớn này.<br><br>“Chiến tranh tiền tệ - Ai thật sự là người giàu nhất thế giới” đề cập đến một cuộc chiến khốc liệt, không khoan nhượng và dai dẳng giữa một nhóm nhỏ các ông trùm tài chính – đứng đầu là gia tộc Rothschild – với các thể chế tài chính của nhiều quốc gia. Đó là một cuộc chiến mà đồng tiền là súng đạn và mức sát thương thật sự ghê gớm.<br><br>Đồng thời, “Chiến tranh tiền tệ - Ai thật sự là người giàu nhất thế giới” còn giúp bạn hiểu thêm nhiều điều, rằng Bill Gates chưa phải là người giàu nhất hành tinh, rằng tỉ lệ tử vong của các tổng thống Mỹ lại cao hơn tỉ lệ tử trận của binh lính Mỹ ngoài chiến trường, hay vì sao phố Wall lại mạo hiểm đổ hết vốn liếng của mình cho việc “đầu tư” vào Hitler.','Song Hongbing',7),(17,'Quốc Gia Khởi Nghiệp',2,107000,2,1,0,'2013-05-01',4,'<b>Câu chuyện về nền kinh tế thần kỳ của Israel</b><br><br><b>“Quốc gia khởi nghiệp”</b> là câu chuyện viết về sự phát triển thần kỳ của nền kinh tế Israel từ lúc lập quốc cho đến khi trở thành quốc gia có nền công nghệ hàng đầu thế giới. Quyển sách này có thể trả lời cho những thắc mắc làm thế nào một đất nước nhỏ bé lại có thể tồn tại giữa sự thù địch của các quốc gia lân cận, đối phó với những cuộc chiến giữ vững bờ cõi mà vẫn tạo ra sự sáng tạo vượt bậc trong các lĩnh vực công nghệ, quân sự và dân sự.<br><br>Với ngòi bút sắc sảo, phong phú và tập trung những lời nhận xét thực tế từ những doanh nhân thành công hàng đầu, “Quốc gia khởi nghiệp” đã đem đến những cái nhìn mới mẻ về con người và đất nước Israel, làm sáng tỏ phần nào những thành công tưởng chừng như không tưởng của đất nước nhỏ bé này. Cá tính quyết liệt, dám thách thức và sáng tạo không ngừng của những con người Do Thái lưu vong, chạy trốn và sống sót sau những cuộc thảm sát trong Chiến tranh thế giới thứ II, không cam chịu cuộc sống nghèo khó, họ đã cùng với những người theo Chủ nghĩa Phục quốc Do Thái gầy dựng và bảo vệ đất nước Israel bằng chính sức lực của mình và khiến cả thế giới phải kinh ngạc.','Dan Senor - Saul Singer',1),(18,'Cuộc Đào Thoát Vĩ Đại',2,103000,7,1,0,'2016-11-01',1,'<b style=\"color: coral;\">Cuộc Đào Thoát Vĩ Đại</b><br><br>Thế giới đang ngày càng trở nên tốt đẹp hơn. Con người giàu có hơn và sống lâu hơn. Nhưng quá trình phát triển và cuộc đào thoát khỏi cảnh cơ cực đã sinh ra bất bình đẳng giữa con người, giữa các quốc gia.<br><br>Trong Cuộc đào thoát vĩ đại, Angus Deaton – một trong những chuyên gia đầu ngành nghiên cứu về phát triển kinh tế và đói nghèo – kể một câu chuyện bắt đầu từ 250 năm trước, khi một phần thế giới thực hiện bước nhảy vọt, tạo ra khoảng cách với phần còn lại.Deaton xoáy sâu vào những mẫu hình quốc gia thịnh vượng cả trong quá khứ lẫn hiện tại, nhấn mạnh sự cần thiết phải giúp đỡ những nước bị bỏ lại phía sau.Deaton chỉ ra rằng những phát kiến của nhân loại như thuốc kháng sinh, phòng trừ sâu bệnh, tiêm chủng và nước sạch chỉ tiếp cận được một phần nhân loại có điều kiện tiếp cận chúng; trong khi nghèo đói là bạn đồng hành của các đại dịch như HIV/AIDS. Ông nghiên cứu Hoa Kỳ, quốc gia đã phát triển thịnh vượng, nhưng đang tăng trưởng chậm lại và gia tăng bất bình đẳng. Ông cũng cho rằng tăng trưởng kinh tế tại Trung Quốc và Ấn Độ đã cải thiện cuộc sống của hơn một tỉ người. Nhưng theo Deaton, viện trợ quốc tế là hình thức không hiệu quả, thậm chí có hại. Ông cho rằng tác động như ưu đãi các công ty dược và nâng hạn chế thương mại sẽ giúp các nước nghèo thực hiện \"cuộc đào thoát vĩ đại\" của riêng mình.','Angus Deaton',9),(19,'Cú Hích',2,98000,5,4,0,'2017-07-01',10,'<b>Cú Hích</b><br><br>Sách của tác giả đoạt Nobel Kinh Tế 2017.<br><br><b style=\"font-style: italic;\">Về Tác Phẩm:</b><br><br>Ông Thaler cũng đặt ra thuật ngữ \"cú hích\" (nudge), ý chỉ các tác động cần thiết để giúp con người vượt qua định kiến, loại bỏ thói quen làm theo người khác để tránh phạm lầm ngớ ngẩn khi phải đưa ra quyết định.<br><br>\"Mỗi ngày, chúng ta thực hiện đủ loại quyết định, nhưng đáng tiếc là chúng ta thường có những lựa chọn tồi tệ (…). Lý do là vì con người dễ bị tác động bởi nhiều định kiến khác nhau, mà lắm lúc chúng làm ta trở nên thật ngớ ngẩn (…). Người ta cần những cú hích trước những quyết định khó khăn và hiếm khi xảy ra, mà hiện thời họ không có đủ thông tin\" - lời giới thiệu của quyển sách viết.<br><br>Thaler và Sunstein mời chúng ta bước vào thế giới của những lựa chọn, một thế giới xem nhân tính là một vật phẩm được ban tặng.<br><br>Các tác giả cho thấy bằng cách tìm hiểu suy nghĩ của người khác, chúng ta có thể thiết kế các môi trường lựa chọn giúp họ dễ dàng tìm được những gì tốt nhất cho mình. Sử dụng nhiều ví dụ sống động từ những mặt quan trọng nhất trong đời sống, Thaler và Sunstein cho chúng ta thấy làm thế nào một” kiến trúc lựa chọn” tinh tường có thể hích con người theo những hướng có lợi mà không hạn chế quyền tự do lựa chọn của chúng ta.','Richard H. Thaler & Cass R. Sunstein',8),(20,'Thế Giới Phẳng',2,165000,19,10,0,'2018-12-01',7,'Trong xu thế toàn cầu hóa, việc tiếp cận và tham khảo những tri thức đương đại từ những nước đã phát triển về sự chuyển động của thế giới (đang ở bước ngoặt từ “tròn” sang “phẳng”, như cách nói của tác giả) có lẽ sẽ giúp chúng ta có thêm những thông tin bổ ích để có sự chủ động trong quá trình hội nhập.<br><br>Tác phẩm được xếp vào danh mục sách bán chạy nhất ở Mỹ (kể từ lần xuất bản đầu tiên tháng 4/ 2005 cho đến nay). Đây là bản dịch từ bản sách gốc mới nhất được sửa chữa, cập nhật và bổ sung hai chương mới nhất bởi chính tác giả.<br><br>Giá sản phẩm trên Tiki đã bao gồm thuế theo luật hiện hành. Tuy nhiên tuỳ vào từng loại sản phẩm hoặc phương thức, địa chỉ giao hàng mà có thể phát sinh thêm chi phí khác như phí vận chuyển, phụ phí hàng cồng kềnh, ...','Thomas L. Friedman',5),(21,'Phi Lý Trí',2,89000,8,1,0,'2018-04-01',2,'<b>Phi Lý Trí (Tái Bản 2018)</b><br><br>Là một trong những cuốn sách của Dan Ariely là một cuốn sách đặc biệt hấp dẫn và đầy cảm hứng. Nó buộc người đọc phải suy nghĩ kỹ hơn về tất cả những hành vi, những sai lầm của mình để sống hợp lý và tốt đẹp hơn.<br><br>Tại sao chúng ta luôn tự hứa là sẽ ăn kiêng để rồi ý nghĩ ấy vụt biến ngay khi chiếc xe chở đồ tráng miệng đi qua? Tại sao đôi khi chúng ta hào hứng mua sắm những thứ không thật sự cần đến? Tại sao chúng ta vẫn cảm thấy đau đầu sau khi dùng loại aspirin có giá 1 xu nhưng cơn đau đầu ấy lại biến mất nếu thuốc đó đắt gấp 50 lần? Tại sao những tín đồ được yêu cầu nhớ lại Mười điều răn của Chúa có xu hướng thành thật (ít nhất là ngay sau đó) hơn những người không được yêu cầu làm vậy? Hoặc tại sao các quy tắc danh dự lại làm tăng mức độ gian lận nơi công sở? Khi đọc tới những trang cuối của cuốn sách này, bạn sẽ có câu trả lời cho các câu hỏi trên và nhiều câu hỏi khác ‒ những câu hỏi có ý nghĩa nhất định đối với cuộc sống, công việc kinh doanh và thế giới quan của bạn.','Dan Ariely',7),(22,'Lời Thú Tội Của Một Sát Thủ Kinh Tế',2,152000,6,11,0,'2017-02-01',4,'<b>Lời Thú Tội Mới Của Một Sát Thủ Kinh Tế (Tái Bản)</b><br><br>\"Những kẻ sát thủ kinh tế\", John Perkins viết: \"Là những chuyên gia được trả lương hậu hĩnh để đi khắp thế giới và lừa đảo các nước trên toàn thế giới hàng tỷ đô la. Công cụ của những kẻ sát thủ này là những báo cáo tài chính lừa đảo, những cuộc bầu cử gian lận, những khoản tiền thưởng béo bở, những vụ tống tiền, tình dục và giết người\".<br><br>John Perkins hẳn là phải rõ - ông đã từng là một kẻ sát thủ kinh tế. Công việc của ông là thuyết phục các nước có tầm quan trọng mang tính chiến lược đối với Mỹ - từ Indonesia cho đến Panama - chấp nhận vay những khoản tiền khổng lồ để phát triển cơ sở hạ tầng và đảm bảo rằng, các tập đoàn Mỹ thầu sẽ thắng thầu những dự án béo bở đó. Bị chất chồng bởi gánh nặng nợ nần, các nước này phải chịu sự kiểm soát của Chính phủ Mỹ, Ngân hàng Thế Giới và các tổ chức viện trợ khác mà Mỹ có ưu thế, họ như những kẻ cho vay nặng lãi - tự định đoạt các điều khoản trả nợ và ép chính phủ các nước phải quy phục.<br><br>Câu chuyện đời thực lạ thường đã vạch trần những mưu đồ quốc tế, những vụ tham nhũng, những hoạt động của các tập đoàn và chính phủ mà ít ai biết tới, và đang gây ra những hậu quả tàn khốc cho nền dân chủ Mỹ và toàn thế giới.','John Perkins',10),(23,'Kinh Tế Học Hài Hước',2,89000,12,0,0,'0000-00-00',3,'<b style=\"color:chocolate;\">Kinh Tế Học Hài Hước</b><br><br>Nói đến kinh tế học, người ta thường coi đây là một ngành khoa học ít nhiều khá khô khan, thường liên quan đến các con số, các khuôn mẫu hay chỉ đơn thuần là tiền bạc, tài chính. Ngay cả những người được giải Nobel kinh tế cũng ít khi được dư luận quan tâm như những người được giải Nobel Hoà bình, văn học hay vật lý. Kinh tế học dường như là một ngành khoa học quá hàn lâm, quá phức tạp, quá xa với thế giới thực, một thừ gì đó mà người ta chỉ có thể quan sát từ xa chứ ít khi tham gia trực tiếp. Kinh tế học hài hước đã hình thành nên tiền đề bất tuân thủ quy ước thông thường. Nếu chuẩn mực thể hiện cách chúng ta muốn thế giới vận động thì kinh tế học thể hiện sự vận động thực chất của thế giới.<br><br>Độc giả của cuốn sách này sẽ biết tới hàng loạt những thựctế đáng kinh ngạc và nhiều câu chuyện gấp dẫn và vui vẻ, một số có thể là tiền đề cho những nghiên cứu sâu hơn về xã hội, một số đơn giản chỉ là những chủ đề tán gẫu trong hàng vạn cuộc trà dư tửu hậu. Nhưng kinh tế hài hước học còn có thể mang tới cho độc giả nhiều hơn thế. Đó chính là các xác định lại thế giới quan của chúng ta. Thế giới mà chúng ta đang sống chứa đầy những nhận định dựa trên những niềm tin ảo tưởng và sáo mòn được xây dựng theo thời gian. Có quá nhiều nỗ lực trí tuệ của chúng ta bị giới hạn trong những biên giới tư duy và khái niệm đã quá cũ kỹ và đi theo lối mòn truyền thống.<br><br>Kinh tế học hài hước là một nguồn thông tin dồi dào, những phân tích đánh giá đầy sáng tạo, gợi cảm hứng, dí dỏm, hấp dẫn, có thể là tất cả những gì mỗi chúng ta cần để khởi dậy óc sáng tạo và cách tư duy hiện đại trong một thời đại tràn ngập thông tin ngày nay.','Stephen J. Dubner / Steven D. Levitt',7),(24,'Cách Nền Kinh Tế Vận Hành',2,90000,13,0,0,'2017-01-01',0,'<b style=\"color: chocolate;\">Cách Nền Kinh Tế Vận Hành</b><br><br>Cuốn sách Cách nền kinh tế vận hành được xuất bản lần đầu tiên vào năm 2010. Thời điểm này cũng là lúc thế giới đang phải vật lộn với cuộc suy thoái tồi tệ nhất kể từ những năm 1930. Đã ba mươi bảy tháng trôi qua kể từ thời điểm Cục nghiên cứu Kinh tế Quốc gia Hoa Kì (NBER) tuyên bố cuộc khủng hoảng kinh tế lần này đã chấm dứt, nhưng vào tháng 6 năm 2009, Chính phủ Hoa Kì vẫn còn rất nhiều việc phải làm để có thể phục hồi số việc làm cho người lao động về mức trước khủng hoảng. Tôi viết cuốn sách này nhằm giúp các bạn hiểu rõ hơn tại sao những điều tồi tệ này lại xảy ra, và đưa ra một số ý tưởng nhằm ngăn chặn các cuộc khủng khoảng tài chính tương tự có thể xảy ra trong tương lai.','Roger E. A. Farmer',11),(25,'Cảm Ơn Vì Đến Trễ',2,176000,5,6,0,'2018-03-01',3,'<b>Cảm Ơn Vì Đến Trễ</b><br><br>Tất cả chúng ta đều cảm nhận được một điều gì đó to lớn đang diễn ra. Bạn cảm nhận được nó ở nơi làm việc. Bạn cảm nhận được nó khi nói chuyện với con cái. Bạn không thể không thấy nó khi đọc báo hay xem tin tức. Cuộc sống của chúng ta đang tăng tốc - và đó là sự tăng tốc chóng mặt.<br><br>Trong Cảm ơn vì đến trễ, một tác phẩm không giống bất kỳ tác phẩm nào ông từng viết trước đây, Thomas L. Friedman phơi bày những sự chuyển động mang tính kiến tạo đang tái định hình thế giới ngày nay và giải thích cách để tận dụng tối đa lợi ích từ chúng.<br><br>Luận đề của Friedman là: để hiểu được thế kỷ 21, bạn cần phải hiểu 3 lực lượng lớn nhất của hành tinh này - Định luật Moore (công nghệ), Thị trường (toàn cầu hóa), và Thiên nhiên (biến đổi khí hậu và mất đa dạng sinh học) - đang tăng tốc cùng lúc, làm thay đổi nơi làm việc, chính trị, địa chính trị, đạo đức và cộng đồng. Một sự giải phóng năng lượng phi thường đang tái định hình mọi thứ: từ cách chúng ta gọi taxi đến số mệnh của các quốc gia, và đến những mối quan hệ thân thiết nhất của chúng ta. Nó đang tạo ra những cơ hội to lớn và mới mẻ cho các cá nhân và những nhóm nhỏ để cứu - hoặc cũng có thể là phá hủy - thế giới.','Thomas L. Friedman',5),(26,'Những Bố Già Châu Á',2,119000,18,0,0,'0000-00-00',3,'<b>Những Bố Già Châu Á (Tái Bản 2018)</b><br><br>Họ là ai?<br><br>Nhà tài phiệt hay trùm xã hội đen?<br><br>Những tính cách đặc trưng của họ là gì?<br><br>Cuốn sách này sẽ cho bạn biết:<br><br>Họ đã trở thành Bố già như thế nào?<br><br>Họ nắm giữ những dòng tiền mặt và khuynh đảo thị trường vốn ra sao?<br><br>Cấu trúc tổ chức doanh nghiệp của các Bố già như thế nào?<br><br>Ngân hàng của những Bố già có phục vụ dân chúng hay chỉ là những con lợn bỏ ống của họ?<br><br>Thị trường chứng khoán có đem lại lợi ích cho các cổ đông thiểu số hay không?<br><br>Các Bố già nhúng tay vào chính trị đã phạm phải những sai lầm ngu ngốc như thế nào?<br><br>Và rốt cuộc:<br><br>Họ có sung sướng, hạnh phúc hay khổ sở vì luôn toan tính?','Joe Studwell',1),(27,'Thế Lưỡng Nan Của Người Tù',2,122000,24,0,0,'2013-11-01',1,'<b style=\"color: chocolate;\">Thế Lưỡng Nan Của Người Tù</b><br><br><b>\"Thế lưỡng nan của người tù\"</b> là một khái niệm mang tính toàn cầu.<br><br>Nó là một bài toán điển hình trong lý thuyết trò chơi mô tả sự tiến thoái lưỡng nan của những người tham gia vào một trò chơi phụ thuộc lẫn nhau trong việc lựa chọn giữa hợp tác hay bất hợp tác. Thế lưỡng nan này tồn tại ở bất cứ nơi nào có sự mâu thuẫn về mặt lợi ích.<br><br>Hiện nay, những nhà lý luận đã nhận thấy sự vận dụng khái niệm này trong sinh học, tâm lý học, xã hội học, kinh tế học, và luật học.<br><br>Thế lưỡng nan của người tù sẽ cho chúng ta biết được rất nhiều về bản chất của các sự kiện cực kỳ quan trọng trong lịch sử như Chiến tranh lạnh hay khủng hoảng hạt nhân Cuban, cuộc khủng hoảng suýt nữa đã kéo nhân loại vào thế chiến III. Tất cả những sự kiện đó đều mang đậm dấu ấn của lý thuyết trò chơi.  ','William Poundstone',7),(28,'Quẳng Gánh Lo Đi Và Vui Sống',3,52000,5,15,0,'2016-06-01',3,'<b>Quẳng Gánh Lo Đi Và Vui Sống</b> là cuốn sách mà cái tên đã nói lên tất cả nội dung chuyển tải trên những trang giấy.<br><br>  Bất kỳ ai đang sống đều sẽ có những lo lắng thường trực về học hành, công việc, những hoá đơn, chuyện nhà cửa,... Cuộc sống không dễ dàng giải thoát bạn khỏi căng thẳng, ngược lại, nếu quá lo lắng, bạn có thể mắc bệnh trầm cảm. Quẳng Gánh Lo Đi Và Vui Sống khuyên bạn hãy khóa chặt dĩ vãng và tương lai lại để sống trong cái phòng kín mít của ngày hôm nay. Mọi vấn đề đều có thể được giải quyết, chỉ cần bạn bình tĩnh và xác định đúng hành động cần làm vào đúng thời điểm.<br><br> Nói thì có vẻ dễ nhưng những vấn đề liên quan đến các trạng thái tinh thần chẳng bao giờ dễ giải quyết. Chấm dứt lo lắng là điều không thể nhưng bớt đi sự lo lắng thì có thể, chỉ cần bạn đủ quyết tâm.<br><br>Quẳng Gánh Lo Đi Và Vui Sống khuyên bạn những cách để giảm thiểu lo lắng rất đơn giản như chia sẻ nó với người khác, tìm cách giải quyết vấn đề, quên tất cả những điều lo lắng nằm ngoài tầm tay,... Cố gắng thực tập điều này hàng ngày và trong cuộc sống chắc hẳn bạn sẽ thành công, có thể, không được như bạn muốn, nhưng chỉ cần bớt đi một chút phiền muộn thì cuộc sống của bạn đã có thêm một niềm vui.','Dale Carnegie',8),(29,'Ngừng Viện Cớ',3,72000,23,0,0,'2010-01-01',24,'<b>Ngừng Viện Cớ</b><br><br>\"Có vô vàn cái cớ biện hộ cho sự thất bại, nhưng không có cái cớ nào là chính đáng cả.” MARK TWAIN<br><br>Tại sao có những người thành công hơn người khác? Tại sao trong cùng một khoảng thời gian nhưng có người kiếm được nhiều tiền hơn, sống hạnh phúc hơn và đạt được nhiều thành tựu hơn đại đa số những người khác? Đâu mới là “bí quyết thành công” đích thực? Đa số mọi người nghĩ rằng thành công là do may mắn hoặc tài năng, nhưng nhiều người đã thành công theo một cách bình thường hơn nhiều: nhờ tính kỷ luật bản thân.<br><br>Tác giả Brian Tracy hiểu rõ điều này: Ông chưa tốt nghiệp trung học. Ông trải qua nhiều công việc lao động tay chân trong một vài năm. Ông không được học hành đến nơi đến chốn, kỹ năng hạn chế, tương lai mờ mịt. Nhưng bằng sức mạnh của kỷ luật bản thân, ông đã thay đổi cuộc đời mình, thành công trong mảng bán hàng, marketing, đầu tư, phát triển bất động sản và cố vấn quản lý. Ông đã tư vấn cho hơn 1.000 công ty, có nhiều bài diễn thuyết truyền cảm hứng và tổ chức các buổi hội thảo cho hơn 4 triệu người ở 40 quốc gia, và viết 45 quyển sách.<br><br>Quyển sách Ngừng Viện Cớ! chỉ cho bạn cách thức đạt được thành công trong 3 lĩnh vực chủ chốt:<br><br>1. Mục tiêu trong đời sống cá nhân<br><br>2. Mục tiêu trong sự nghiệp và tài chính<br><br>3. Hạnh phúc toàn diện','Brian Tracy',2),(30,'Đúng Việc',3,84000,23,0,0,'2015-11-01',4,'<b style=\"color: #ec624c;\">Đúng Việc</b><br><br>Đúng Việc là con đường cho mọi đổi thay có tính cách mạng. Đúng Việc đề cập đến những vấn đề căn cơ và nền tảng nhất của con người, đó là: làm người (đạo nhân), làm mình (đạo sống), làm dân (đạo dân) và làm nghề (đạo nghề) bằng văn phong dí dỏm, súc tích và có tính hệ thống cao. Từ đó, sách đưa ra phương pháp luận để mỗi người tự thấu hiểu bản thân, tự tìm ra đường đời của mình, hình thành đạo nhân, đạo sống và đạo nghề của riêng mình. Hay nói cách khác, “Đúng Việc” là một phương pháp luận để góp sức cho mỗi người, mỗi nhà, mỗi tổ chức và mỗi xứ sở trên hành trình tự tìm ra “đích đến” và “con đường” cho sự đổi thay có tính cách mạng của riêng mình.<br><br>Trích đoạn:<br><br>\"Công việc\" của bất kỳ ai trong đời cũng bao gồm làm người, làm dân và làm nghề. Lựa chọn của mỗi người trong từng \"công việc\" đó sẽ làm nên cuộc đời họ. Bởi lẽ, con người thì khác với muông thú và cỏ cây; con người tự do thì khác với con người nô lệ; công dân thì khác với thần dân; ca sĩ thì khác với thợ hát; trí thức thì khác với trí nô; nhà báo thì khác với bồi bút; nhà quản trị thì khác với kẻ cai trị; doanh nhân thì khác với trọc phú hay con buôn...<br><br>Nhưng làm sao lựa chọn nếu không hề biết đến sự tồn tại của những lựa chọn, không rõ đâu là sự khác biệt giữa chúng và đâu là \"mình\" giữa những lựa chọn đó? Làm sao có thể làm đúng việc khi chưa biết đâu là cái đúng? Làm sao \"làm ra chính mình\", làm sao \"hãy là chính mình\" khi chưa biết \"đâu là mình\"... Hành trình \"tôi đi tìm tôi\" đó cũng là câu chuyện khai minh của mỗi con người, mỗi nhà và mỗi xứ sở.','Giản Tư Trung',11),(31,'Trên Đường Băng',3,55000,19,0,0,'2017-10-01',7,'<b>Tony Buổi Sáng - Trên Đường Băng (Tái Bản 2017)</b><br><br>\"Khi còn trẻ, hãy ra ngoài nhiều hơn ở nhà. Hãy nhào vô xin người khác “bóc hết, lột sạch” khả năng của mình. Chỉ sợ bất tài nộp hồ sơ “xin việc”, mà chả ai thèm cho, chả ai thèm bóc lột. Khi đã được bóc và lột hết, dù sau này đi đâu, làm gì, bạn đều cực kỳ thành công. Vì năng lực được trui rèn trong quá trình làm cho người khác. Sự chăm chỉ, tính kỷ luật, quen tay quen chân, quen ngáp, quen lười… cũng từ công việc mà ra. Mọi ông chủ vĩ đại đều từng là những người làm công ở vị trí thấp nhất. Họ đều rẽ trái trong khi mọi người rẽ phải. Họ có những quyết định không theo đám đông, không cam chịu sống một cuộc đời tầm thường, nhạt nhòa… rồi chết.<br><br>Còn những bạn thu nhập 6 triệu cũng túng thiếu, 20 triệu cũng đi vay mượn để tiêu dùng, thì thôi, cuộc đời họ chấm dứt giấc mơ lớn. Tiền nong cá nhân quản lý không được, thì làm sao mà quản trị tài chính một cơ nghiệp lớn?”. Tư duy thế nào thì nó ra số phận thế đó.\"','Tony Buổi Sáng',5),(32,'Ngày Xưa Có Một Con Bò',3,53000,2,0,0,'2016-12-01',6,'<b style=\"color: #e04f38;\">Ngày Xưa Có Một Con Bò...</b><br><br>Dù muốn dù không thì trong mỗi người chúng ta đều đang nuôi ít nhất là 1 con bò và thậm chí là cả đàn bò. Đó là những con bò: bao biện, viện cớ, đổ lỗi, ỷ lại, mãi tự hào với quá khứ…<br><br>Nhiều khi ta nghĩ ta đã làm tốt rồi, học giỏi rồi, xinh đẹp rồi nên cứ dựa vào thành quả đó để ỷ lại, không cố gắng nữa và sa vào bẫy hài lòng với suy nghĩ rằng mình ít nhất đang có cái gì đó: Một học sinh giỏi luôn ỷ lại rằng ta giỏi rồi, không cần cố gắng nữa; một cô giáo từ năm này qua năm khác không chịu thay đổi, cập nhật giáo án của mình vì cho rằng kiến thức trong giáo án đó đã quá chuẩn; cô gái luôn tự hào hớp hồn bạn trai mình ngay từ cái nhìn đầu tiên cứ tự tin rằng mình đủ hoàn hảo để bạn trai yêu mà không bao giờ muốn tự làm mới mình, một nhân viên tự cho rằng ta làm dự án vừa rồi quá thành công và sếp đã thấy được năng lực của ta rồi, ta không cần thể hiện nữa; một nhà văn viết được 1 cuốn sách best-sellers nhưng không chịu đổi mới ngòi bút vì cho rằng ta đã viết hay rồi, cuốn sách của ta được mọi người khen ngợi đó thôi…<br><br>Có hàng ngàn, hàng vạn loại bò đang chi phối, hạn chế sức bật của chúng ta nhưng đang được chúng ta bao bọc, bảo vệ trong lớp vỏ mang tên Chỗ Dựa. Nếu Chỗ Dựa vô hình đó mất đi, ta sẽ sụp đổ???<br><br>Nếu bạn vẫn muốn nuôi bò, vẫn muốn “ăn mày quá khứ” thì có lẽ cuốn sách này không dành cho bạn. Cuốn sách này chỉ dành cho những người đang nuôi bò và mong muốn được tiêu diệt con bò của chính mình.<br><br><b>Hãy sống một cuộc sống Không-Có-Bò!</b>','Camilo Cruz',5),(33,'Tư Duy Nhanh Và Chậm',3,198000,2,2,0,'2019-09-01',9,'<b>Tư Duy Nhanh Và Chậm (Tái Bản 2019)</b><br><br>Chúng ta thường tự cho rằng con người là sinh vật có lý trí mạnh mẽ, khi quyết định hay đánh giá vấn đề luôn kĩ lưỡng và lý tính. Nhưng sự thật là, dù bạn có cẩn trọng tới mức nào, thì trong cuộc sống hàng ngày hay trong vấn đề liên quan đến kinh tế, bạn vẫn có những quyết định dựa trên cảm tính chủ quan của mình. “Tư duy nhanh và chậm”, cuốn sách nổi tiếng tổng hợp tất cả nghiên cứu được tiến hành qua nhiều thập kỷ của nhà tâm lý học từng đạt giải Nobel Kinh tế Daniel Kahneman sẽ cho bạn thấy những sư hợp lý và phi lý trong tư duy của chính bạn. Cuốn sách được đánh giá là “kiệt tác” trong việc thay đổi hành vi của con người, Tư duy nhanh và chậm đã dành được vô số giải thưởng danh giá, lọt vào Top 11 cuốn sách kinh doanh hấp dẫn nhất năm 2011. Alpha Books đã mua bản quyền và sẽ xuất bản cuốn sách trong Quý 1 năm nay. Tư duy nhanh và chậm dù là cuốn sách có tính hàn lâm cao nhưng vô cùng bổ ích với tất cả mọi người và đặc biệt rất dễ hiểu và vui nhộn.<br><br>Đã có rất nhiều cuốn sách nói về tính hợp lý và phi lý của con người trong tư duy, trong việc đánh giá và ra quyết định, nhưng Tư duy nhanh và chậm được Tạp chí Tài chính Mỹ đánh giá là “kiệt tác”.<br><br>Bạn nghĩ rằng bạn tư duy nhanh, hay chậm? Bạn tư duy và suy nghĩ theo lối “trông mặt bắt hình dong”, đánh giá mọi vật nhanh chóng bằng cảm quan, quyết định dựa theo cảm xúc hay tư duy một cách cẩn thận, chậm rãi nhưng logic hợp lý về một vấn đề. Tư duy nhanh và chậm sẽ đưa ra và lý giải hai hệ thống tư duy tác động đến con đường nhận thức của bạn. Kahneman gọi đó là: hệ thống 1 và hệ thống 2. Hệ thống 1, còn gọi là cơ chế nghĩ nhanh, tự động, thường xuyên được sử dụng, cảm tính, rập khuôn và tiềm thức. Hệ thống 2, còn gọi là cơ chế nghĩ chậm, đòi hỏi ít nỗ lực, ít được sử dụng, dùng logic có tính toán và ý thức. Trong một loạt thí nghiệm tâm lý mang tính tiên phong, Kahneman và Tversky chứng minh rằng, con người chúng ta thường đi đến quyết định theo cơ chế nghĩ nhanh hơn là ghĩ chậm. Phần lớn nội dung của cuốn sách chỉ ra những sai lầm của con người khi suy nghĩ theo hệ thống 1. Kahneman chứng minh rằng chúng ta tệ hơn những gì chúng ta tưởng: đó là chúng ta không biết những gì chúng ta không biết!','Daniel Kehlmann',1),(34,'20 Giờ Đầu Tiên',3,48000,7,0,0,'2014-10-01',2,'<b style=\"color: rgb(223, 149, 12);\">20 Giờ Đầu Tiên</b><br><br>Có rất nhiều việc muốn làm… nhưng lại có quá ít thời gian”.<br><br>Đó là chuyện thường thấy của cuộc sống hiện đại. Hãy dành một chút thời gian để xem có bao nhiêu việc bạn muốn học cách làm. Danh sách của bạn có những việc gì? Điều gì ngăn cản bạn bắt đầu? Thường là do: Thời gian và kỹ năng. Có một sự thật không lấy gì làm dễ chịu, đó là: Những trải nghiệm đáng giá nhất trong đời thường lại đòi hỏi phải có kỹ năng ở một cấp độ nào đó. Cần phải có thời gian và cần phải nỗ lực mới có được kỹ năng - mà thời gian thì chúng ta không có, còn nỗ lực lại là thứ chúng ta ngại gom góp.<br><br>“Một ngày nào đó tôi sẽ học, khi tôi có thời gian”.<br><br>Thành thật mà nói, ngồi xem tivi và lướt web bao giờ cũng dễ dàng hơn… Thế nên đó chính là điều mà hầu hết chúng ta vẫn làm, và để cho khao khát của chúng ta vẫn mãi chỉ là những giấc mơ. Vẫn còn một sự thật không lấy gì làm dễ chịu, đó là: Có rất nhiều việc chẳng có gì thú vị cho tới khi chúng ta giỏi việc đó. Kỹ năng nào cũng có cái mà tôi vẫn gọi là rào cản thất vọng - thời điểm bạn cực kỳ không thạo (kỹ năng đó) và đau đớn nhận ra sự thật đó. Tại sao phải bắt đầu một việc mà bạn biết là bạn sẽ chẳng giỏi việc đó chứ? Chẳng phải sẽ rất tuyệt khi có thể thành thạo những kỹ năng mới mà không cần phải tức giận nhiều sao? Để nhanh chóng vượt qua rào cản thất vọng, để có thể chuyển tới phần thú vị, đáng giá? Để tốn ít thời gian cho việc bối rối và lúng túng, để có thêm thời gian thú vị? Liệu có thể học được những kỹ năng mới theo cách tốn ít thời gian và công sức hơn không? Từ kinh nghiệm của riêng tôi, xin trả lời là: Có, có thể.','Josh Kaufman',7),(35,'Hãy Sống Ở Thể Chủ Động',3,66000,8,0,0,'2014-03-01',3,'<b style=\"color: orange;\">Hãy Sống Ở Thể Chủ Động</b><br><br>Vốn là một cán bộ Đoàn năng động, nhiệt huyết ở thời sinh viên và sau này là một doanh nhân thành đạt trong xã hội, Nguyễn Tuấn Quỳnh đã đem những kinh nghiệm anh đã có, những thất bại mà anh đã trải qua và cả những bài học đáng quý trong cuộc sống, những đất nước xinh đẹp mà anh từng đặt chân đến, v.v…gom góp vào một quyển sách nhỏ với tựa đề, cũng là phương châm sống của anh \"Hãy sống ở thể chủ động\".<br><br>Anh hiểu rằng, đối với những người trẻ, những bước đầu tiên trên quãng đường đời luôn mang lại rất nhiều thử thách và cũng lắm nỗi chông gai, vì những kiến thức được học ở trường và ngoài thực tế rất khác nhau. Mong ước được chia sẻ kinh nghiệm, hướng dẫn cho các bạn trẻ đang dò dẫm trên con đường khởi nghiệp và mong muốn tìm thấy mục tiêu sống của đời mình, tác giả đã gửi gắm cả tình yêu gia đình, cuộc sống và chia sẻ góc nhìn của một doanh nhân trong nền kinh tế vẫn còn nhiều cơ hội cho tất cả mọi người.','Nguyễn Tuấn Quỳnh',1),(36,'Nghĩ Ngược Lại Và Làm Khác Đi',3,59000,23,0,0,'2018-05-01',2,'<b>Nghĩ Ngược Lại Và Làm Khác Đi (Tái Bản 2018)</b><br><br>Paul Arden, tác giả của nhiều cuốn sách bán chạy trên thế giới, là Giám đốc điều hành sáng tạo tại Saatchi & Saatchi.<br><br>Thế giới chính là những gì bạn nghĩ về nó. Vì vậy, hãy nghĩ về nó theo cách khác đi và cuộc sống của bạn sẽ thay đổi.<br><br>Khi bạn nhìn lại sẽ có những thứ bạn cảm thấy hối tiếc. Bạn nghĩ mình đã từng quyết định sai lầm.<br><br>Sai rồi. Dù quyết định thế nào, đó cũng là quyết định duy nhất. Mọi thứ ta làm đều cho ta chọn lựa. Vậy thì có gì phải hối tiếc?','Paul Arden',7),(37,'Đời Đơn Giản Khi Ta Đơn Giản',3,48000,9,7,0,'2013-05-01',2,'<b>Đời Đơn Giản Khi Ta Đơn Giản</b><br><br>Ta lớn lên trong một thế giới do não trái định hướng. Não trái thích xác định sự tồn tại của các quy định hiện hành, phù hợp với các quy tắc và chuyên mục đó, nhưng nó không phù hợp với các khả năng mới phát sinh. Bạn không thể biết điều gì sẽ xảy ra, hoặc những cơ hội nào sẽ phát sinh, cho đến khi bạn đến được thời điểm đó. Bạn có thể lên hết kế hoạch này đến kế hoạch khác, nhưng đơn giản không có cách nào để biết mọi việc sẽ ra sao. Chắc chắn, bạn có thể liên tục điều chỉnh kế hoạch dựa trên thay đổi hoàn cảnh... nhưng vậy thì, ý nghĩa của kế hoạch là gì?<br><br>Không có kế hoạch nào, chỉ việc thưởng thức những gì đang làm, làm hết sức có thể, và xem chuyện gì phát sinh. Đây là một cách tiếp cận hoàn toàn khác cách nhiều người vẫn làm. Điều này không có nghĩa là sẽ thiếu động lực để làm hết sức mình – cũng không có nghĩa là bạn giữ thái độ thiếu nhiệt tình với công việc. Mà nó có nghĩa là bạn được thúc đẩy bởi công việc, bạn tận hưởng các hoạt động, chứ không phải được thúc đẩy bởi mục tiêu, điểm đến hoặc kết quả.','Xuân Nguyễn',5),(38,'Hiểu Về Trái Tim',3,110000,15,0,0,'2019-11-01',3,'<b>Hiểu Về Trái Tim</b> – Cuốn Sách Mở Cửa Thề Giới Cảm Xúc Của Mỗi Người<br><br>Xuất bản lần đầu tiên vào năm 2011, Hiểu Về Trái Tim trình làng cũng lúc với kỷ lục: cuốn sách có số lượng in lần đầu lớn nhất: 100.000 bản. Trung tâm sách kỷ lục Việt Nam công nhận kỳ tích ấy nhưng đến nay, con số phát hành của Hiểu về trái tim vẫn chưa có dấu hiệu chậm lại.<br><br>Là tác phẩm đầu tay của nhà sư Minh Niệm, người sáng lập dòng thiền hiểu biết (Understanding Meditation), kết hợp giữa tư tưởng Phật giáo Đại thừa và Thiền nguyên thủy Vipassana, nhưng Hiểu Về Trái Tim không phải tác phẩm thuyết giáo về Phật pháp. Cuốn sách rất “đời” với những ưu tư của một người tu nhìn về cõi thế. Ở đó, có hạnh phúc, có đau khổ, có tình yêu, có cô đơn, có tuyệt vọng, có lười biếng, có yếu đuối, có buông xả… Nhưng, tất cả những hỉ nộ ái ố ấy đều được khoác lên tấm áo mới, một tấm áo tinh khiết và xuyên suốt, khiến người đọc khi nhìn vào, đều thấy mọi sự như nhẹ nhàng hơn…','Minh Niệm',8),(39,'Bài Học Diệu Kỳ Từ Chiếc Xe Rác',3,75000,11,0,0,'2020-09-01',50,'<b>“BÀI HỌC DIỆU KỲ TỪ CHIẾC XE RÁC”</b><br><br>Cam kết nói không với \"xe rác\" khiến cho hạnh phúc và phép lịch sự trở thành hiện thực. Điều này hỗ trợ điều kia trong một vòng tròn khép kín.<br><br>“Có những người giống như “chiếc xe rác” vậy: họ chứa trong mình đầy “rác rưởi” - sự thất vọng, tức giận và chán nản. Và tất nhiên, họ phải tìm chỗ để trút bỏ mớ rác rưởi đó. Nếu thấy họ trút lên bạn thì bạn đừng đón nhận. Hãy mỉm cười, vẫy chào, chúc họ vui, rồi tiếp tục công việc của mình. Cứ tin tôi đi, rồi bạn sẽ thấy hạnh phúc hơn.”<br><br>Câu nói trên của một người lái taxi đã khiến David J.Pollay nảy sinh ý tưởng để viết nên “Bài học diệu kỳ từ chiếc xe rác”. Thông qua cuốn sách này, bạn sẽ học được cách vô hiệu hóa “những chiếc xe rác”, không bị những nguyên nhân vụn vặt cản trở con đường hoàn thiện bản thân, bỏ qua những điều tiêu cực nằm ngoài tầm kiểm soát và trân trọng những gì tốt đẹp đang hiện hữu trước mắt.<br><br>Lôi cuốn, sáng tạo, nhẹ ở nội dung và hút ở bìa truyện. Bài học diệu kỳ từ chiếc xe rác quả thật là một cuốn sách gối đầu giường tuyệt vời dành cho những ai đang muốn tìm ra cho mình những giá trị mới mẻ trong cuộc sống. Quyển sách hứa hẹn sẽ mang lại những suy nghĩ, những cái nhìn mới tích cực hơn, yêu đời hơn – bắt đầu từ những câu chuyện không đâu lạ lẫm, những dòng thông điệp ngắn ngủi tưởng chừng như đơn giản lại mang những triết lý hết sức to lớn gửi đến tất cả mọi người.<br><br>Có thể thấy được một điều xuyên suốt diễn ra ở nội dung là sự đề cập đến một bối cảnh chẳng đâu xa lạ – Những điều luôn chiếm một phần lớn trong cuộc đời mỗi người chúng ta – Đó là những cảm xúc cơ hồ ai cũng đã từng gặp phải, những thất vọng, những chán nản, những nỗi buồn vô cớ, cùng những ký ức vô nghĩa nhưng lại kéo dài dai dẳng trong hành trình đi đường của một chiếc xe rác – Một câu chuyện với sự lặp đi lặp lại có chủ đích, một cái xe không ngừng ném rác rưởi và rồi quay lại nhặt chúng lên – một hình ảnh đủ để ta mang máng hình dung ra cái gì đó. Điều này có thể được ta hiểu theo một cách có ngụ ý: Mọi cảm xúc tiêu cực sẽ không đưa bạn đến hướng đi của việc giải quyết vấn đề, chúng đưa bạn đến một bãi rác – nơi chúng ta hoàn toàn có thể cá rằng mình không hề thích một chút nào.<br><br>Nhưng có lẽ đó là một cách hình dung khá hay để tự thuyết phục mình đừng mãi rơi vào cái vòng luẩn quẫn đấy. Và đừng vội vàng khép cuốn chuyện lại khi bạn đã đọc tới đây, bởi vấn đề mà tác phẩm khai thác vẫn chưa dừng lại ở đó. Câu chuyện dành cho tất cả mọi người mới thật sự bắt đầu kể từ chương 3 của quyển sách, với dòng cam kết đã được đặc biệt in đậm: ‘Đừng biến mình thành chiếc xe rác’ – Phải nói, đây thật sự là một thông điệp hết sức thú vị về một thái độ sống tốt gửi đến tất cả mọi người. Như một lời khuyên với dụng ý thực tế rằng: đừng biến cuộc đời vốn dĩ ‘nhẹ nhàng và sạch sẽ’ bị nhấn chìm trong nỗi lo âu, sự tức giận và những cảm xúc tiêu cực, bởi chúng ta không biết khi nào nó sẽ trở nên hỗn độn và đầy ắp, hãy học cách quên bẵng nó đi ngay khi có thể, đừng để chiếc xe đó chứa đầy rác rưởi đủ để chôn sống bạn, và nếu làm được như thế thì chắc chắn cuộc đời của tất cả mọi người sẽ trở nên sáng lạng và vui tươi hơn hẳn.','David J.Pollay',8),(40,'Bức Xúc Không Làm Ta Vô Can',3,63000,14,0,0,'2018-08-01',4,'<b>Bức Xúc Không Làm Ta Vô Can (Tái Bản)</b><br><br>\"Từ chỗ vô danh cách đây bảy, tám năm, bây giờ, nếu gõ \"bức xúc\" vào Google, ta sẽ được 29 triệu kết quả, gấp gần 10 lần \"Ngọc Trinh\" một con số ấn tượng cho một làn da xấu xí như vậy.\"<br><br>Đây là một trong rất nhiều các quan sát thú vị, kèm theo các giải mãi hóm hỉnh, không kém phần chua xót song cũng rất giàu nhân văn trong tuyển tập BỨC XÚC KHÔNG LÀM TA VÔ CAN của tiến sĩ Đặng Hoàng Giang. 26 bài viết là 26 câu chuyện từ quen thuộc như thịt chó, ấn đền Trần, phẫu thuật thẩm mỹ, từ thiện câu like...đến ngỡ như vĩ mô xa xôi nhưng lại ảnh hưởng mật thiết đến cuộc sống từng cá nhân như sự tàn phá của kinh tế thị trường, lí do khiến quốc gia thất bại, du lịch đại trà, hay các vấn đề văn hóa không bao giờ hết nóng như sính ngoại, truyền hình thực tế...Không chỉ phân tích khách quan và bình luận sắc sảo, tác giả còn đề xuất nhiều giài pháp bất ngờ và đầy trách nhiệm, khiến các bài viết, trước khi được tập hợp lại trong tuyển tập này, đã nhận được hàng trăm nghìn lượt xem và rất nhiều chia sẻ từ đông đảo cư dân mạng.<br><br>\"Một góc nhìn thằng thắn và tỉnh táo, xoáy vào những vấn đề bằng những con dao mổ sắc cạnh của tri thức... Từ lâu, những cây viết của nước ta vẫn dùng dao gọt hoa quả có lưỡi lượn sóng để mổ xẻ các vấn đề. Chúng ta thiếu những con dao mổ lạnh, nằm trong những bàn tay ấm.\"','Đặng Hoàng Giang',4),(41,'Thân Gửi Sở Thú',4,50000,18,0,0,'2017-05-01',5,'<b>Thân Gửi Sở Thú (Tái Bản)</b><br><br>Thân gửi Sở thú là một trong những cuốn sách tranh kinh điển của thế giới, đã tròn 25 năm tuổi và vẫn luôn là một cuốn sách yêu thích của nhiều thế hệ độc giả nhí. Cuốn sách đặc biệt dành riêng cho trẻ từ 0-3 tuổi, với các mẫu câu và từ vựng đơn giản, sử dụng cấu trúc lặp. Điểm đặc biệt thú vị ở Thân gửi Sở thú là những miếng lật đem lại những bất ngờ thú vị cho các bé. Cuốn sách không chỉ giúp tăng cường vốn từ vựng thông qua việc đọc, mà còn thông qua các hoạt động chạm và cảm nhận.','Rod Campbell',4),(42,'Phù thủy xử sở OZ',4,12000,20,0,0,'2015-04-01',8,'<b style=\"color: chocolate;\">Vườn Cổ Tích - Phù Thủy Xứ OZ</b><br><br>Thế giới cổ tích kì diệu luôn có sức hấp dẫn đặc biệt đối với trẻ em. Những nhân vật hoàng tử - công chúa, phép màu cùng những chuyến phiêu lưu kì lạ đưa các em bước vào thế giới tưởng tượng phong phú. Các em được đặt chân đến những vùng đất mới, gặp gỡ những người bạn mới, hồi hộp theo dõi những tình tiết li kì. Cổ tích vốn dĩ là thế giới ảo, nhưng đó là nơi mà trẻ em được sống trọn vẹn với bản chất ngây thơ, thuần khiết với những ước mơ con trẻ ngộ nghĩnh, đáng yêu. Trong tất cả chúng ta, ai cũng đã từng một lần bước chân vào khu vườn cổ tích. Và đến khi rời xa mảnh đất thần tiên ấy, chúng ta đều cảm nhận được sự trưởng thành của tâm hồn, thêm vững tin vào những giá trị Chân - Thiện - Mỹ trong cuộc sống. Cổ tích - đó chính là niềm hy vọng nguyên sơ và bất diệt của con người.<br><br>Bộ sách Vườn cổ tích tập hợp những câu chuyện cổ tích kinh điển trên thế giới. Những câu chuyện tưởng chừng đã quá quen thuộc nhưng thông qua tranh vẽ minh họa sinh động, đẹp mắt, lối kể chuyện ngắn gọn súc tích vẫn mang màu sắc lung linh diệu kì. Sách giúp trẻ kết hợp cả hai khả năng đọc - quan sát, từ đó rèn luyện và tăng cường tư duy ghi nhớ. Các bậc phụ huynh cũng có thể cùng đọc hoặc hướng dẫn các em tập kể lại câu chuyện, chia sẻ những điều lý thú, bổ ích trong cuốn sách để giúp tâm hồn các em ươm mầm hạt giống nhân cách tốt đẹp.<br><br>\"Cô bé Dorothy sống với chú thím ở thảo nguyên Kansas. Một hôm có cơn cuồng phong cuốn cô bé, chú chó Toto và căm nhà gỗ nhỏ bay xa...\"','Triệu Phương Phương',9),(43,'Anh chàng Hobbit',4,85000,10,20,0,'2020-02-01',6,'Bilbo Baggins là một hobbit điển hình. Anh chàng chỉ thấy thú nhất khi được ngồi bên lò sưởi mà hút tẩu, uống bia, chờ đến giờ ăn, và đừng hòng có chuyện tham gia chuyến mạo hiểm nào hay làm điều gì bất ngờ. Nhưng Bilbo không được yên, chẳng bao lâu sẽ có một lão phù thủy tên Gandalf cùng mười ba chú lùn xuất hiện ở ngưỡng cửa hang hobbit tiện nghi của chàng, và chưa kịp vớ vội mũ mão với khăn tay, Bilbo đã bị cuốn vào một cuộc phiêu lưu đầy rẫy hiểm nguy để giành lại kho vàng của người lùn vốn từ lâu đã chìm trong quên lãng….<br><br>Là tác phẩm dạo đầu nhưng không hề bị lu mờ dưới cái bóng đồ sộ của bộ ba kiệt tác Chúa nhẫn, Anh chàng hobbit xứng đáng là cuốn sách thiếu nhi kinh điển có một tầm vóc riêng biệt. Mang giọng kể hài hước, thông tuệ, cùng những miêu tả choáng ngợp về một thế giới Trung Địa bao la với rừng thẳm, núi cao, hang sâu, tiên, rồng, yêu tinh, người khổng lồ, cuốn sách vừa như một câu chuyện cổ tích dành cho những người trẻ tuổi, vừa đạt đến tầm của một tác phẩm văn học kỳ ảo quyến rũ độc giả mọi thời. Chính Anh chàng hobbit, chứ không phải Chúa nhẫn, đã đặt những viên gạch đầu tiên cho sự phát triển của dòng tiểu thuyết kỳ ảo hiện đại trong thế kỷ XX.','J.R.R Tolkien',4),(44,'Charlie và nhà máy Socola',4,168000,7,6,0,'2007-08-01',4,'The gates of Willy Wonka’s chocolate factory are opening at last . . . and only five children will be allowed inside.','Roald Dahl',11),(45,'Con yêu bố chừng nào',4,54000,16,0,0,'2019-06-01',3,'Đôi lúc, khi yêu một ai đó nhiều ơi là nhiều, ta sẽ muốn tìm mọi cách để diễn đạt những cảm xúc tuyệt vời đang tràn ngập lòng mình. Ấy thế nhưng Thở Nâu Bố và Thỏ Nâu Con đã khám phá ra rằng: yêu thương không phải một thứ để đo lường.<br><br>Câu chuyện về nỗ lực bày tỏ tình yêu của hai bố con nhà thỏ đã trở thành một hiện tượng xuất bản với số lượng bán ra hơn 33 triệu bản trên toàn thế giới, biến cuốn sách trở thành một tác phẩm thiếu nhi kinh điển thời hiện đại.<br><br>Những câu chuyện vĩ đại nhất chưa hẳn đã là câu chuyện đồ sộ nhất, mới mẻ nhất mà là những câu chuyện ta đã biết rồi nhưng vẫn muốn nghe kể lại lần nữa. Những bức tranh gây xúc động nhất chưa hẳn là những bức tranh hoành tráng mà ta chưa thấy bao giờ, mà là những bức tranh giản dị ta đã xem rồi nhưng vẫn muốn xem lại lần nữa, và lại thêm một lần nữa.<br><br>Con yêu bố chừng nào là một câu chuyện như thế, được minh họa bằng những bức tranh như thế. Ra đời từ năm 1994, câu chuyện giản dị này của Sam McBratney, được minh họa bằng những bức tranh màu nước tuyệt đẹp của Anita Jeram, đã chiếm trọn được trái tim của độc giả, cả người lớn và trẻ em.<br><br>Những ý tưởng cho Con yêu bố chừng nào đã được gieo mầm từ một cuộc nói chuyện giữa Sam McBratney và biên tập viên của ông, khi biên tập viên gợi ý cho ông viết một câu chuyện “mạnh mẽ mà không dụng đến nhiều lời.” Trông qua thì có vẻ dễ, nhưng thực sự không phải vậy. Sam đã mất đến 6 tháng với tác phẩm này, để thu xếp sao tác phẩm chỉ dài khoảng trên dưới 400 chữ cần thiết nhất ổn thỏa cho một câu chuyện bắt nguồn từ tình yêu và về tình yêu.','Sam McBratney',4),(46,'Pippi tất dài',4,65000,0,4,1,'0000-00-00',1,'Pippi tất dài, một cái tên đã được hàng triệu trẻ em của bao nhiêu thế hệ trên thế giới yêu mến. Cô bé tóc đỏ, mặt đầy tàn nhang tinh quái đó là giấc mơ sống động mà có lẽ chưa từng một ai không ôm ấp khi nghĩ về tuổi thơ, trẻ thơ.<br><br>Bên sân nhà của hai anh em Thomas và Annika, có một Biệt thự tên là Bát Nháo nhưng chẳng ai ở cả. Chúng mơ ước có hàng xóm với lũ trẻ để chơi cùng biết bao. Và  rồi một cô bạn hàng xóm xuất hiện. Cô bé 9 tuổi ấy chỉ đi một mình, với một chú ngựa và một ông khỉ. Chúng đã kết thành bạn thân với nhau.<br><br>Pippi có một va ly đầy tiền vàng. Cô bé không thích đi học, vì từ nhỏ đã lênh đênh trên biển với bố nên chẳng biết đi học ở đâu. Ước mơ của cô bé là tương lai trở thành tướng cướp. Và cô bé sống hoàn toàn tự do, không chịu được gò bó nào, không ai bắt cô đi ngủ đúng giờ khi đang chơi vui, hay bắt cô vào nhà khi đang dạo mát giữa vườn trong đêm vắng. Pippi sẵn sàng đối đầu với những kẻ bắt nạt, bọn kẻ trộm hay tên hợm hĩnh đòi mua biệt thự Bát nháo.<br><br>Nhưng cũng chính từ cuộc sống đó, Pippi tự lập hơn mọi đứa trẻ khác. Cô bé tất dài biết sắp xếp lấy nhà cửa, nấu ăn rất ngon, ưa chiêu đãi bạn bè. Pippi có thể tự gội đầu, thích vục cả mặt trong chậu nước; có thể vừa cài khuy sau của áo, vừa tết tóc. Hơn thế, Pippi tất dài có một tình cảm thật khoáng đạt, nồng nàn với mọi người. Cô bé sẵn sàng nhảy lên cửa sổ mua vui cho hai anh em hàng xóm bị ốm phải nằm nhà, cô làm tiệc cùng các bạn chơi thật vui, và vì họ mà cô ở lại biệt thự Bát Nháo, không lên thuyền với cha nữa.<br><br>Pippi tất dài - một cô bé, một thế giới lung linh đã làm nức lòng độc giả mọi lứa tuổi ở hơn 100 quốc gia trên thế giới. Hình tượng văn học sống động này đã nhiều lần được dựng thành phim.','Astrid Lindgren',11),(47,'Khu vườn bí mật',4,75000,15,5,0,'2019-07-01',4,'Khu vườn bí mật là tác phẩm nổi tiếng của tiểu thuyết gia người Mỹ gốc Anh Frances Hodgson Burnett, được viết cách đây hơn một thế kỷ.','Frances Hodgson Burnett',5),(48,'Alice ở xứ sở trong gương',4,38000,20,2,0,'0000-00-00',3,'Alice đang nằm gối đầu lên lòng chị trong vườn nhà. Đúng lúc cô thấy buồn tẻ và thiu thiu ngủ, thì một chú thỏ trắng chạy qua, vừa chạy vừa rút đồng hồ xem và cằn nhằn muộn giờ. Ngạc nhiên trước hiện tượng lạ lùng đó, Alice vùng dậy chạy theo chú thỏ. Và rơi tõm xuống một cái hang trong gốc cây. Nếu nhảy theo cú ngã của Alice, bạn cũng sẽ rơi vào một thế giới đồng thoại đa nghĩa, giàu ẩn dụ và nổi tiếng nhất trong lịch sử văn học thế giới. Alice ở Xứ sở diệu kỳ và Thế giới trong gương, trông qua là một khu rừng ngôn ngữ rối rắm, nhung nhăng, và nhất là thiếu một cốt truyện mạch lạc để thu hút trẻ em. Nhiều người khẳng định để hiểu được cần phải để người lớn đọc một cách nghiêm túc, chiêm nghiệm, lại còn phải đọc thành tiếng, để khỏi lãng phí nhạc tính và âm điệu đặc biệt của ngôn từ. Nhưng về bản chất, Alice là câu chuyện mà ta có thể tiếp xúc theo cách nào cũng được, tầm tuổi và tầm hiểu nào ta cũng đến với nó được. Đây có thể là cánh cửa mở ra một thế giới đầy những điều lố bịch, châm biếm một xã hội mực thước đến khuôn sáo. Nhưng mặt khác, nó cũng là một xứ sở tươi sáng, lạ lùng, chứa đựng toàn những điều phi thực, vô nghĩa, mà giúp khuây khỏa tâm tư.','Lewis Carroll, Kriss Sison',9),(49,'Hoàng tử bé',4,53000,9,5,0,'2019-05-01',2,'Hoàng tử bé được viết ở New York trong những ngày tác giả sống lưu vong và được xuất bản lần đầu tiên tại New York vào năm 1943, rồi đến năm 1946 mới được xuất bản tại Pháp. Không nghi ngờ gì, đây là tác phẩm nổi tiếng nhất, được đọc nhiều nhất và cũng được yêu mến nhất của Saint-Exupéry. Cuốn sách được bình chọn là tác phẩm hay nhất thế kỉ 20 ở Pháp, đồng thời cũng là cuốn sách Pháp được dịch và được đọc nhiều nhất trên thế giới. Với 250 ngôn ngữ dịch khác nhau kể cả phương ngữ cùng hơn 200 triệu bản in trên toàn thế giới, Hoàng tử bé được coi là một trong những tác phẩm bán chạy nhất của nhân loại.<br><br>Ở Việt Nam, Hoàng tử bé được dịch và xuất bản khá sớm. Từ năm 1966 đã có đồng thời hai bản dịch: Hoàng tử bé của Bùi Giáng do An Tiêm xuất bản và Cậu hoàng con của Trần Thiện Đạo do Khai Trí xuất bản. Từ đó đến nay đã có thêm nhiều bản dịch Hoàng tử bé mới của các dịch giả khác nhau. Bản dịch Hoàng tử bé lần này, xuất bản nhân dịp kỷ niệm 70 năm Hoàng tử bé ra đời, cũng là ấn bản đầu tiên được Gallimard chính thức chuyển nhượng bản quyền tại Việt Nam, hy vọng sẽ góp phần làm phong phú thêm việc dịch và tiếp nhận tác phẩm quan trọng này với các thế hệ độc giả.<br><br>Tôi cứ sống cô độc như vậy, chẳng có một ai để chuyện trò thật sự, cho tới một lần gặp nạn ở sa mạc Sahara cách đây sáu năm. Có thứ gì đó bị vỡ trong động cơ máy bay. Và vì ở bên cạnh chẳng có thợ máy cũng như hành khách nào nên một mình tôi sẽ phải cố mà sửa cho bằng được vụ hỏng hóc nan giải này. Với tôi đó thật là một việc sống còn. Tôi chỉ có vừa đủ nước để uống trong tám ngày.<br><br>Thế là đêm đầu tiên tôi ngủ trên cát, cách mọi chốn có người ở cả nghìn dặm xa. Tôi cô đơn hơn cả một kẻ đắm tàu sống sót trên bè giữa đại dương. Thế nên các bạn cứ tưởng tượng tôi đã ngạc nhiên làm sao, khi ánh ngày vừa rạng, thì một giọng nói nhỏ nhẹ lạ lùng đã đánh thức tôi. Giọng ấy nói:<br>“Ông làm ơn… vẽ cho tôi một con cừu!”<br>- Trích \"Hoàng tử bé\"','Antoine De Saint-Exupéry',4),(50,'Mãi yêu con',4,36000,0,3,1,'2018-08-01',3,'<b>Mãi Yêu Con (Tái Bản)</b><br><br>Một tác phẩm kinh điển, kể từ khi xuất bản lần đầu năm 1986 cho tới nay đã bán được hơn 15 triệu bản trên toàn thế giới.<br><br>Đây là một câu chuyện giản dị, cảm động về tình yêu thương âm thầm vô điều kiện của những người cha, người mẹ vẫn dành cho con và về cách mà thứ tình cảm sâu sắc, đặc biệt này vẫn truyền từ thế hệ này sang thế hệ khác. Cuốn sách như một lời ru dịu dàng khi đếm về với những đứa trẻ vẫn ở trong vòng tay mẹ và một lời nhắc nhở thấm thía với những người con đã trưởng thành.<br><br>\"Con ơi yêu con mãi mãi<br><br>Thương con chẳng thể xa rời<br><br>Chừng nào trái tim còn đập<br><br>Con là riêng của mẹ thôi.\"','Robert Munsch',4),(51,'Cây táo yêu thương',4,79000,1,0,0,'2017-11-01',3,'<b>Cây Táo Yêu Thương</b> lạ khi toàn bộ câu chuyện chỉ là 25 bức vẽ trắng đen. Đã vậy, cốt truyện của sách được gói gọn trong những câu kể ngắn, rất ngắn, không có phù thủy, không có công chúa, càng chẳng có phép màu, chẳng li kỳ thú vị như những truyện thiếu nhi khác. Kết thúc truyện cũng không có \"cái thiện chiến thắng cái ác\" hay \"họ sống chung bên nhau hạnh phúc suốt đời\", mà thay vào đó, lại là một câu chuyện buồn nhiều dư vị...<br><br>Dẫu có thế nào đi nữa, quyển sách của Shel Silverstein vẫn đứng vững trong lòng bạn đọc suốt 50 năm, được dịch ra 30 ngôn ngữ khác nhau trên thế giới và trở thành cuốn sách yêu thích của hàng triệu trẻ em. The Giving Tree liên tục nằm trong những truyện thiếu nhi bán chạy nhất, xếp thứ 24 trong 100 cuốn sách thiếu nhi được yêu thích nhất theo khảo sát của Hiệp hội Giáo dục Quốc gia Hoa Kì (NEA), và gần đây là vị trí thứ 3 trong danh sách The Giving Tree của cộng đồng Goodreads với gần 50.000 lượt bình chọn.','Shel Silverstein',11),(52,'Nuôi Dạy Một Đứa Trẻ Thích Đọc Sách',5,136000,0,1,1,'2019-12-01',5,'“Nuôi Dạy Một Đứa Trẻ Thích Đọc Sách” của tác giả Doãn Kiến Lợi là cuốn sách đặc biệt nói về bí quyết làm thế nào để giúp con yêu thích việc đọc sách mà cha mẹ không phải áp đặt, nhắc nhở.<br><br>Cuốn sách là những trải nghiệm, những quan điểm giáo dục, những suy tư trăn trở của Doãn Kiến Lợi về văn hóa đọc và việc đọc có ảnh hưởng đến sự phát triển của trẻ nhỏ như thế nào. Đây là cuốn sách công cụ dành cho những ông bố, bà mẹ đang băn khoăn làm thế nào đưa trẻ đến với những trang sách, hình thành thói quen thích đọc sách.<br><br>“Nuôi Dạy Một Đứa Trẻ Thích Đọc Sách” không chỉ trực tiếp trình bày những vấn đề có liên quan tới đọc, học chữ, viết lách mà còn mở rộng đến những tri thức và chủ đề có liên quan tới đọc. Hầu như tất cả những thắc mắc và những điều cần chú ý có liên quan tới việc đọc ở trẻ nhỏ, các bậc phụ huynh đều có thể tìm được đáp án trong cuốn sách của Doãn Kiến Lợi.<br><br>Hi vọng cuốn sách “Nuôi Dạy Một Đứa Trẻ Thích Đọc Sách” sẽ có ích cho các bậc phụ huynh, có lợi cho các con.','Doãn Kiến Lợi',2),(53,'Nuôi Dạy Con Kiểu Nhật Bản',5,45000,0,1,1,'0000-00-00',5,'Làm cha mẹ không đơn giản chỉ là bản năng, là trách nhiệm, là nghĩa vụ mà còn là cả một nghệ thuật. Cha mẹ nào cũng yêu thương con cái nhưng không phải bậc phụ huynh nào cũng thực sự hiểu con mình. Sự kỳ vọng quá lớn vào con trẻ đôi khi khiến chúng ta trở nên quá khắt khe và vô hình chung tạo áp lực nặng nề lên những đứa trẻ. Có thể bạn chưa biết nhưng đứa trẻ dễ nổi khùng thực ra thường rất nhạy cảm, quan tâm tới người khác; đứa trẻ không nghe lời là đứa trẻ có chính kiến riêng mạnh mẽ; đứa trẻ tác phong chậm chạp cũng có thể thuộc tuýp người tỉ mỉ, nhẫn nạ Chính vì thế, thay vì phiền não rằng con mình không trở thành đứa trẻ lý tưởng như mình mong muốn, các bậc cha mẹ hãy thử bắt đầu từ việc ghi nhận những ưu điểm mà con mình đang có. Chúng ta sẽ thấy ngay cả những đứa trẻ bị xem là có vấn đề vẫn có những điểm sáng kỳ lạ.<br><br>Nuôi dạy con kiểu Nhật Bản được viết bởi Akehashi Daiji - bác sĩ tâm lý, nhà tư vấn giáo dục nổi tiếng của Nhật Bản. Với nhiều gợi ý, bí quyết thiết thực, hữu ích trong việc nuôi dạy trẻ, được trình bày thông qua hình thức những câu chuyện ngắn có hình minh họa sinh động, dễ hiểu, cuốn sách là món quà ý nghĩa dành tặng cho những ông bố bà mẹ đang và sẽ dạy con.<br><br>Nuôi dạy con kiểu Nhật Bản - Bí quyết hạnh phúc khi nuôi dạy trẻ không phải là sách để dạy con thông minh, để đào tạo thiên tài. Nó là cuốn sách để chúng ta tiếp cận những đứa con rất đỗi bình thường của chúng ta một cách đúng đắn nhất, để phát huy hết ưu điểm của nó, để cha mẹ và con cái cùng đạt đến cái đích cuối cùng: Những con người có tâm hồn hạnh phúc.<br><br>Sách được viết với hình thức những câu chuyện ngắn được minh họa bằng tranh phong cách manga rất hấp dẫn và dễ hiểu.','Akehashi Daiji',2),(54,'Cẩm Nang Bố Mẹ Thông Thái',5,42000,5,1,0,'0000-00-00',7,'Vốn dĩ chúng ta sẽ học các kỹ năng dạy con từ cha mẹ của mình, nhưng trong thời đại hiện nay những kỹ năng đó đã không còn phù hợp. Vì con cái chúng ta thuộc thế hệ Sành Công nghệ - những đứa trẻ được kết nối kỹ thuật số từ khi sinh ra, thậm chí chúng còn đang dạy chúng ta cách dùng công nghệ , Internet và mạng xã hội.<br><br>Vậy nên, cuốn sách này sẽ giúp bạn trở thành những bậc cha mẹ thời đại kỹ thuật số trực tuyến, chỉ cho bạn cách đưa ra những quy tắc nền tảng, những quy tắc luôn hoạt động hiệu quả cho dù thế giới kỹ thuật số có thay đổi như thế nào đi nữa. Với cương vị là cha mẹ, điều quan trọng không phải là cập nhật các ứng dụng phổ biến nhất hiện nay mà chúng ta cần biết cách đặt ra những nguyên tắc nền tảng cốt yếu để con cái dựa vào đó mà tương tác và thể hiện bản thân trên mạng.','MinDy Mcknight',11),(55,'Phương Pháp Dạy Con Không Đòn Roi',5,109000,0,9,1,'2017-01-01',3,'<b style=\"color: chocolate;\">Phương Pháp Dạy Con Không Đòn Roi</b><br><br>Có bao giờ bạn tự hỏi mình, đặc biệt là sau mỗi cuộc đối thoại tuyệt vọng với bọn trẻ, \"Mình không thể làm tốt hơn được sao? Mình không thể cư xử đúng mực hơn và là một người cha mẹ có sức ảnh hưởng hơn ư? Mình không thể kỷ luật chúng theo hướng làm dịu tình hình đi thay vì làm rối lên?” Bạn muốn loại bỏ những hành vi không tốt, nhưng bạn muốn phản ứng theo cách sẽ nâng giá trị và thắt chặt tình cảm với bọn trẻ chứ không phải điều ngược lại. Bạn muốn ít rắc rối đi, chứ không nhiều hơn.<br><br>Cuốn sách này sẽ giúp bạn có thể kỷ luật trẻ theo hướng đề cao mối quan hệ và sự tôn trọng, bớt rắc rối và tranh cãi - và trong quá trình, bạn có thể bồi dưỡng những kỹ năng xây dựng mối quan hệ tốt và cải thiện khả năng đưa ra quyết định đúng đắn của bọn trẻ, biết suy nghĩ đến người khác, và chuẩn bị hành trang cho chúng được hạnh phúc và thành công suốt cuộc đời.<br><br><b style=\"font-style: italic;\">Trích dẫn hay trong sách:</b><br><br>Mối quan hệ với con cái luôn là trung tâm cho mọi thứ chúng ta làm. Bất kể ta đang chơi với chúng, nói chuyện hay cười cùng với chúng, hoặc thậm chí kỷ luật chúng, ta cũng muốn bọn trẻ cảm nhận được mức độ sâu sắc của toàn bộ tình yêu thương và thiện ý của chúng ta, dù chúng ta đang công nhận một hành động tử tế hay chỉ ra hành vi sai trái.','Daniel J. Siegel - Tina Payne Bryson',7),(56,'Giáo Dục Não Phải',5,780000,8,1,0,'2018-07-01',3,'<b>Giáo Dục Não Phải - Tương Lai Cho Con Bạn (Tái Bản)</b><br><br>Người Việt Nam chúng ta thường tự hào rằng mình là một dân tộc thông minh. Thật khó để chứng minh theo lý thuyết thống kê và bằng các tiêu chí chặt chẽ, vững chắc rằng một dân tộc thông minh hơn những dân tộc khác. Nhưng dân tộc chúng ta không thiếu những cá nhân kiệt xuất, thiên tài để chống đỡ cho lý luận, cho niềm tự hào về một dân tộc thông minh.<br><br>Để xây dựng một dân tộc thông minh, cần rất nhiều hơn là những cá nhân riêng biệt. Ở đó cần có ý thức hệ, hệ thống nhận thức vì giáo dục và cho giáo dục, nơi mà giá trị của giáo dục là cốt lõi của giá trị con người. Và giá trị con người phải dựa trên cốt lõi từ nền giáo dục. Chúng ta cần một sự chuyển dịch bền vững về tư duy giá trị giáo dục, hơn là chỉ những thay đổi...<br><br>Tựa đề của cuốn sách này là \"Giáo Dục Não Phải - Tương lai cho con bạn\" và tôi nghĩ là không chỉ cho tương lai của con bạn, nó có thể là tương lai của xã hội hay có thể là tương lai của một dân tộc thông minh. Cuốn sách đề cập những vấn đề rất cơ bản, đã được chấp bút bởi Giáo sư Makoto Shichida từ lâu, rất lâu lắm rồi. Nhưng cái cách ông chỉ dạy cho thay đổi nhận thức và thực hành về giáo dục bỗng nhiên trở nên thật cần thiết cho xã hội Việt Nam bây giờ.','Shichida',11),(57,'Dạy Con Thông Minh Qua Các Trò Chơi',5,95000,0,5,1,'2016-08-01',4,'<b style=\"color:chocolate\">Dạy Con Thông Minh Qua Các Trò Chơi</b><br><br>Vui chơi có lợi trong quá trình nuôi dưỡng tính cách, tình cảm, tâm hồn lành mạnh của trẻ. Thông qua các trò chơi, sự tiếp xúc giữa trẻ tăng lên, trẻ trở nên năng động, hoạt bát hơn. Để được tập thể tiếp nhận, trẻ phỉ học cách khống chế bản thân, thích ứng với yêu cầu của tập thể, điều ấy tự nhiên thúc đẩy việc hình thành tính cách thiện lương và phát triển đời sống tình cảm trong sáng của các em.','Đào Thị Hải Yến',9),(58,'Vừa lười vừa bận vẫn giỏi Tiếng Anh',6,100000,0,3,1,'2018-01-01',3,'<b>Vừa Lười Vừa Bận Vẫn Giỏi Tiếng Anh</b><br><br>Không một ai quá bận rộn đến độ không có nổi 10 – 15 phút để học tiếng Anh mỗi ngày. Bạn có thể vừa học tiếng Anh trong lúc bạn đang nghe nhạc, đang ăn trưa, hoặc trước khi đi ngủ. Bất kể khi nào bạn có thời gian rảnh rỗi, hãy học một chút.<br><br>Hãy thực hiện việc học trong những khoảng thời gian ngắn mỗi ngày tránh biến việc học tiếng Anh trở thành một điều chán ngán. Khi bạn cảm thấy không bị áp lực, và bạn thấy vui vẻ, thì đó chính là lúc bộ não của bạn có thể học tốt nhất.','Hoài Nguyễn',11),(59,'Luyện siêu trí nhớ từ vựng tiếng Anh',6,112000,7,0,0,'2015-05-01',7,'Luyện Siêu Trí Nhớ Từ Vựng Tiếng Anh (Dùng Kèm App)<br><br>Bạn là người có trình độ tiếng anh sơ cấp<br><br>Bạn là người có trình độ tiếng Anh sơ cấp và có nhu cầu tìm hiểu phương pháp học tiếng Anh và phương pháp ghi nhớ ngoại ngữ hiệu quả. Để có thể nâng cao trình độ tiếng Anh.<br><br>Bạn đang cần học cấp tốc  tiếng anh<br><br>Bạn là người cần học nhanh chóng tiếng Anh để phục vụ cho buổi phỏng vấn xin việc hoặc dùng tiếng Anh cho công việc.Nhưng bạn chưa tìm ra phương pháp có thể nhớ nhanh được?<br><br>Bạn đang luyện thi toeic<br><br>Bạn đang ôn luyện thi Toeic và chưa biết phương pháp để ghi nhớ Từ Vựng và hệ thống tự vựng dành cho kỳ thi Toeic hiệu quả?<br><br>Bạn là giáo viên tiếng anh<br><br>Bạn là những giáo viên tiếng Anh và những người nghiên cứu phương pháp học tiếng Anh hiệu quả. Đẻ phục vụ cho công tác giảng dạy và nghiên cứu dễ dàng hơn?','Nguyễn Anh Đức',8),(60,'Hacking Your English Speaking',6,118000,8,1,0,'2019-01-01',3,'Tiếp nối sự thành công của Hacking your English Speaking, cuốn sách Hacking your English Listening của tác giả Hoàng Ngọc Quỳnh được thiết kế đặc biệt nhằm giúp các bạn cải thiện khả năng nghe – hiểu tiếng Anh.<br>Hacking your English Listening dành cho những ai?<br>Cuốn sách này dành cho tất cả những bạn đang gặp khó khăn trong khả năng nghe tiếng Anh<br>Bạn mới học tiếng Anh và không biết phải bắt đầu luyện nghe tiếng Anh theo phương pháp nào.<br>Bạn đã học tiếng Anh từ rất lâu rồi nhưng khả năng nghe – hiểu tiếng Anh thực tế vẫn còn chưa tốt<br>Bạn cảm thấy chán nản với việc học tiếng Anh, thậm chí là muốn từ bỏ. Bạn muốn tìm lại động lực học và phương pháp luyện nghe tiếng Anh hiệu quả.<br>3 trở ngại khiến bạn gặp khó khăn khi nghe – hiểu tiếng Anh sẽ được giải đáp trong cuốn sách Hacking your English Listening<br>Trở ngại 1: Phát âm<br>Cách phát âm của người bản ngữ nói tiếng Anh rất khác so với cách mà bạn vẫn nói tiếng Anh hàng ngày khiến bạn bị “lạc” khi nói tiếng Anh chuẩn và không thể bắt kịp những gì họ nói.<br>=>> Giải pháp cho bạn:<br>Bạn cần học cách nhấn trọng âm<br>Bạn cần học và thành thạo cách nối âm và cách nói giản lược từ trong tiếng Anh.<br>Làm quen và thành thạo sử dụng các lingking patterns/ reduction patteens để có thể nghe – hiểu tiếng Anh dễ dàng hơn.<br>Chương 2 và 3 của cuốn sách Hacking Your English Listening sẽ giúp bạn giải quyết hết tất tần tật những trở ngại về phát âm trên.<br>Trở ngại 2: Từ vựng<br>Khi lượng từ không đủ thì sẽ rất khó nghe – hiểu dù bạn có luyện tập nghe đi nghe lại 1 bài hội thoại nhiều lần.<br>=>> Giải pháp cho bạn:<br>Chương 4 của cuốn sách sẽ giúp bạn học được ít nhất 500 từ vựng theo các topic thông dụng nhất, giúp khả năng nghe -hiểu trong các tình huống khác nhau được cải thiện đáng kể.<br>Trở ngại 3: Sự tập trung<br>Bạn quá lo lắng về việc phải nghe – hiểu, hoặc bạn nghĩ về nhiều thứ khác nhau là những khó khăn lớn ảnh hưởng đến sự tập trung khi nghe.<br>=>> Giải pháp cho bạn:<br>Chương 3 và 4 của cuốn sách sẽ giúp bạn tăng cường khả năng tập trung khi nghe tiếng ANh thông qua việc thực hành Nghe và chép lạ.<br>Trở ngại 4: Bạn chưa tìm được phương pháp luyện nghe thực sự phù hợp với mình<br>Cách luyện nghe không đúng chính là luyện nghe thụ động bởi điều này khiến bạn dần dần không có phản xạ nghe – hiểu tiếng Anh.<br>=>> Giải pháp dành cho bạn: Bạn cần luyện tập nghe một cách chủ động, hiểu những gì mình nghe được, từng chút một. Cách này sẽ giúp bạn thấm nhuần từ vựng, phát âm và các cấu trúc ngữ pháp.<br>Chương 3 và 4 của cuốn sách sẽ giúp bạn từng bước luyện nghe chủ động một cách dễ dàng.<br>Trở ngại 5: Tài liệu luyện nghe<br>Nếu bạn chọn tài liệu quá khó hoặc quá dễ thì sẽ không thể cải thiện khả năng luyện nghe của mình.<br>=>> Giải pháp dành cho bạn: Hãy chọn tài liệu luyện nghe phù hợp với khả năng của mình (Bạn nghe được khoảng 70 – 80% tài liệu đó). Hoặc bạn có thể chọn những tài liệu “Siêu khó” để thách thức khả năng nghe của mình, tuy nhiên chỉ nên sử dụng khi bạn đã hiểu sơ lược về nội dung của bài nghe.<br>Trở ngại 6: Thiếu động lực<br>Khi nghe không hiểu, bạn sẽ rất chán nản, mất động lực và từ bỏ.<br>=>> Giải pháp dành cho bạn: DONT GIVE UP TOO QUICKLY!<br>Đừng từ bỏ quá sớm, hãy thực hành theo cuốn sách Hacking your English Speaking với những phương pháp khoa học, bạn sẽ thấy thành quả mỗi ngày và có thêm nhiều động lực để nghe hiểu tiếng Anh tốt hơn.','Hoàng Ngọc Quỳnh',9),(61,'Usborne English Punctuation',6,180000,6,4,0,'0000-00-00',5,'<b>English Punctuation</b><br><br>This highly visual and amusing book is designed for anyone who has difficulty deciding which punctuation marks to use and where to put them.<br><br>The content is graded, starting with the simplest rules and ending with some of the trickier uses of punctuation.<br><br>Cartoon figures throughout demonstrate the correct use of punctuation Presented in a highly visual and entertaining form Valuable resource for home, school and the office.','R. Gee, C. Watson',10),(62,'Combo 5 Cuốn Learning English',6,545000,9,1,0,'2020-06-01',78,'Thông tin của sách:<br><br>NXB: Singapore Asian Publishers<br>Số trang: 200 trang<br>Kích thước: Khổ 16 x 24 cm<br><br>####<br><br>Học tiếng Anh = tiếng Anh để trẻ làm quen với việc đọc cũng như tư duy trực tiếp bằng ngôn ngữ ngay từ khi bắt đầu.<br>===> Sự đơn giản trong cách thể hiện nhưng vẫn mang lại hiệu quả và có tính ứng dụng cao là ưu điểm đầu tiên mà của bộ sách Tiếng Anh Singapore này mang lại:<br>Nội dung ngữ pháp<br>Từ vựng,<br>Các bài đọc hiểu cũng như những gợi mở cho các bài tập viết đều đi vào từng chi tiết, được giải thích rõ ràng, dễ hiểu.<br>Qua đó, vừa giúp trẻ làm quen được với những khái niệm đơn giản nhất của Tiếng Anh, vừa khích lệ được sự hứng thú khi học.<br><br>*******<br>Mỗi cuốn sách đều được thiết kế gồm 4 mục chính, đó là:<br>Bảng mục lục: Chỉ rõ các mục tiêu chính và trọng tâm của mỗi bài học, giúp người học và người dạy dễ dàng xác định được các phần kiến thức cần nhắm tới.<br>Luyện tập: Các bài tập được thiết kế để củng cố kiến thức của học sinh ở cả bốn kỹ năng Ngữ pháp, Từ vựng, Đọc hiểu và Viết.<br>Chú giải từ: Giải nghĩa những từ xuất hiện trong phần luyện tập nhằm nâng cao vốn từ vựng cũng như hỗ trợ cho hoạt động đọc hiểu.<br>Đáp án: Bao gồm đáp án cho các câu hỏi của phần Ngữ pháp, Từ vựng, Đọc hiểu và bài mẫu tham khảo cho phần Viết. Các câu hỏi mở cũng sẽ được gợi ý ở phần này.<br>Tranh vẽ minh họa của bộ sách này cũng rất đơn giản và đáng yêu. Chữ viết trong sách được in to, rõ ràng.<br>Các bài tập cũng có hình thức rất thu hút như nối từ, trắc nghiệm, điền từ.. nên các bạn nhỏ sẽ cảm thấy thu hút và thú vị hơn.<br>---------------------<br>Đặc biệt, Giáo án bằng Tiếng Anh kèm theo để hỗ trợ bố mẹ hoặc giáo viên kèm và dạy Tiếng Anh cho con tại nhà là điều mà em đánh giá rất cao.<br>Bố mẹ chỉ cần chọn sản phẩm theo link ở cuối bài, hệ thống sẽ tự động gửi link để tải giáo án.<br>Tuy nhiên với những trường hợp trẻ chỉ tự làm bài tập có trong sách mà không áp dụng vào giáo án thì bố mẹ nên chia nhỏ một bài thành nhiều buổi học, mỗi lần tối đa khoảng 15-20 phút để bé nuôi dưỡng được niềm hứng thú<br>Trọn bộ 5 cuốn từ 1-5, vì sách TA dành cho các bạn nhỏ Singapore – đất nước sử dụng TA là ngôn ngữ chính, nên ở Việt Nam bố mẹ lựa theo khả năng của các con nữa nhé. Bởi ai cũng biết tính thách đố trong các đầu sách của Singapore khá cao.<br>####<br>Sách tiếng Anh Singapore giúp trẻ học tiếng Anh bằng tiếng Anh,  làm quen với việc đọc cũng như tư duy trực tiếp bằng ngôn ngữ ngay từ khi bắt đầu.','Terry Chew B. SC',1),(63,'Learning English 3',6,129000,10,0,0,'2020-05-01',33,'<b>Learning English 3</b><br><br>Với mục tiêu củng cố và trau dồi khả năng sử dụng tiếng Anh của học sinh bậc tiểu học, bộ sách Learning English từ 1 đến 5 tập trung vào các kiến thức cơ bản nhưng then chốt ở cả 4 kỹ năng: Ngữ pháp, Từ vựng, Đọc hiểu và Viết.<br><br>Với Learning English, các nội dung ngữ pháp, từ vựng, các bài đọc hiểu cũng như những gợi mở cho các bài tập viết đều đi vào từng chi tiết, được giải thích rõ ràng, dễ hiểu, vừa giúp trẻ làm quen được những khái niệm đơn giản nhất của tiếng Anh, vừa khích lệ được ở trẻ hứng thú học tập. Đi hết được các phần kiến thức và bài tập trong bộ sách này, học sinh sẽ có thể tự tin để tiếp nhận một cách nhẹ nhàng kiến thức ở các bậc học cao hơn.','Nhiều Tác Giả',1),(65,'đã sửa',2,50000,20,0,0,'2021-01-10',NULL,'không có mô tả','tác giả mới',2);
/*!40000 ALTER TABLE `products` ENABLE KEYS */;
UNLOCK TABLES;

--
-- Table structure for table `publishingcompanys`
--

DROP TABLE IF EXISTS `publishingcompanys`;
/*!40101 SET @saved_cs_client     = @@character_set_client */;
/*!40101 SET character_set_client = utf8 */;
CREATE TABLE `publishingcompanys` (
  `PublishingCompanyID` int(11) NOT NULL AUTO_INCREMENT,
  `PublishingCompanyName` varchar(100) DEFAULT NULL,
  PRIMARY KEY (`PublishingCompanyID`)
) ENGINE=InnoDB AUTO_INCREMENT=13 DEFAULT CHARSET=utf8mb4;
/*!40101 SET character_set_client = @saved_cs_client */;

--
-- Dumping data for table `publishingcompanys`
--

LOCK TABLES `publishingcompanys` WRITE;
/*!40000 ALTER TABLE `publishingcompanys` DISABLE KEYS */;
INSERT INTO `publishingcompanys` VALUES (1,'Nhà Xuất Bản Thế Giới'),(2,'Nhà Xuất Bản Phụ Nữ'),(3,'Nhà Xuất Bản Thanh Niên'),(4,'	Nhà Xuất Bản Hội Nhà Văn'),(5,'NXB Trẻ'),(6,'Nhà Xuất Bản Hà Nội'),(7,'Nhà Xuất Bản Lao Động - Xã Hội'),(8,'Nhà Xuất Bản Tổng hợp TP.HCM'),(9,'Nhà Xuất Bản Hồng Đức'),(10,'Nhà Xuất Bản Thông Tấn'),(11,'Nhà Xuất Bản Tri Thức');
/*!40000 ALTER TABLE `publishingcompanys` ENABLE KEYS */;
UNLOCK TABLES;

--
-- Table structure for table `status_purchase`
--

DROP TABLE IF EXISTS `status_purchase`;
/*!40101 SET @saved_cs_client     = @@character_set_client */;
/*!40101 SET character_set_client = utf8 */;
CREATE TABLE `status_purchase` (
  `StatusID` int(11) NOT NULL AUTO_INCREMENT,
  `Value` varchar(45) DEFAULT NULL,
  PRIMARY KEY (`StatusID`)
) ENGINE=InnoDB AUTO_INCREMENT=7 DEFAULT CHARSET=utf8mb4;
/*!40101 SET character_set_client = @saved_cs_client */;

--
-- Dumping data for table `status_purchase`
--

LOCK TABLES `status_purchase` WRITE;
/*!40000 ALTER TABLE `status_purchase` DISABLE KEYS */;
INSERT INTO `status_purchase` VALUES (1,'Mới tạo'),(2,'Đóng gói'),(3,'Đang giao'),(4,'Đã giao'),(5,'Hủy');
/*!40000 ALTER TABLE `status_purchase` ENABLE KEYS */;
UNLOCK TABLES;

--
-- Dumping events for database 'mybookstore'
--

--
-- Dumping routines for database 'mybookstore'
--
/*!40103 SET TIME_ZONE=@OLD_TIME_ZONE */;

/*!40101 SET SQL_MODE=@OLD_SQL_MODE */;
/*!40014 SET FOREIGN_KEY_CHECKS=@OLD_FOREIGN_KEY_CHECKS */;
/*!40014 SET UNIQUE_CHECKS=@OLD_UNIQUE_CHECKS */;
/*!40101 SET CHARACTER_SET_CLIENT=@OLD_CHARACTER_SET_CLIENT */;
/*!40101 SET CHARACTER_SET_RESULTS=@OLD_CHARACTER_SET_RESULTS */;
/*!40101 SET COLLATION_CONNECTION=@OLD_COLLATION_CONNECTION */;
/*!40111 SET SQL_NOTES=@OLD_SQL_NOTES */;

-- Dump completed on 2021-01-20 20:17:26
